id,family,group,task,slug,phase,tier,aelc_feed,aliases,alias_count,why_it_matters,beyond_klean_method,overlaps_with,merge_into,variant_of,bundle
BK-010101,"Site, Debris & Waste Management",Construction debris removal,Bulk debris pickup by floor,bulk-debris-pickup-by-floor,Rough,Core,,trash out; debris haul-out,2,"Loose debris is the #1 jobsite trip, puncture and fire hazard and blocks every trade that follows.","Source-separated debris streams (metal, cardboard, wood, drywall) divert material from landfill and lower haul cost.",,,,
BK-010102,"Site, Debris & Waste Management",Construction debris removal,Drywall scrap collection,drywall-scrap-collection,Rough,Core,,gypsum scrap removal,1,"Loose debris is the #1 jobsite trip, puncture and fire hazard and blocks every trade that follows.","Source-separated debris streams (metal, cardboard, wood, drywall) divert material from landfill and lower haul cost.",,,,
BK-010103,"Site, Debris & Waste Management",Construction debris removal,Lumber and wood scrap collection,lumber-and-wood-scrap-collection,Rough,Core,,wood waste pickup,1,"Loose debris is the #1 jobsite trip, puncture and fire hazard and blocks every trade that follows.","Source-separated debris streams (metal, cardboard, wood, drywall) divert material from landfill and lower haul cost.",,,,
BK-010104,"Site, Debris & Waste Management",Construction debris removal,Metal scrap and stud offcut collection,metal-scrap-and-stud-offcut-collection,Rough,Core,,metal recycling pickup,1,"Loose debris is the #1 jobsite trip, puncture and fire hazard and blocks every trade that follows.","Source-separated debris streams (metal, cardboard, wood, drywall) divert material from landfill and lower haul cost.",,,,
BK-010105,"Site, Debris & Waste Management",Construction debris removal,Cardboard and packaging breakdown,cardboard-and-packaging-breakdown,Rough,Core,,packaging removal; box breakdown,2,"Loose debris is the #1 jobsite trip, puncture and fire hazard and blocks every trade that follows.","Source-separated debris streams (metal, cardboard, wood, drywall) divert material from landfill and lower haul cost.",,,,
BK-010106,"Site, Debris & Waste Management",Construction debris removal,Pallet and crate removal,pallet-and-crate-removal,Rough,Core,,pallet haul-off,1,"Loose debris is the #1 jobsite trip, puncture and fire hazard and blocks every trade that follows.","Source-separated debris streams (metal, cardboard, wood, drywall) divert material from landfill and lower haul cost.",,,,
BK-010107,"Site, Debris & Waste Management",Construction debris removal,Insulation scrap removal,insulation-scrap-removal,Rough,Core,,batt insulation cleanup,1,"Loose debris is the #1 jobsite trip, puncture and fire hazard and blocks every trade that follows.","Source-separated debris streams (metal, cardboard, wood, drywall) divert material from landfill and lower haul cost.",,,,
BK-010108,"Site, Debris & Waste Management",Construction debris removal,Ceiling tile scrap and carton removal,ceiling-tile-scrap-and-carton-removal,Rough,Core,,ACT scrap removal,1,"Loose debris is the #1 jobsite trip, puncture and fire hazard and blocks every trade that follows.","Source-separated debris streams (metal, cardboard, wood, drywall) divert material from landfill and lower haul cost.",,,,
BK-010109,"Site, Debris & Waste Management",Construction debris removal,Flooring offcut and carton removal,flooring-offcut-and-carton-removal,Rough,Core,,flooring scrap pickup,1,"Loose debris is the #1 jobsite trip, puncture and fire hazard and blocks every trade that follows.","Source-separated debris streams (metal, cardboard, wood, drywall) divert material from landfill and lower haul cost.",,,,
BK-010110,"Site, Debris & Waste Management",Construction debris removal,"Wire, conduit and cable offcut pickup",wire-conduit-and-cable-offcut-pickup,Rough,Core,,electrical scrap pickup,1,"Loose debris is the #1 jobsite trip, puncture and fire hazard and blocks every trade that follows.","Source-separated debris streams (metal, cardboard, wood, drywall) divert material from landfill and lower haul cost.",,,,
BK-010111,"Site, Debris & Waste Management",Construction debris removal,Fastener and screw sweep with magnetic sweeper,fastener-and-screw-sweep-with-magnetic-sweeper,Rough,Core,,nail sweep; magnet sweep,2,"Loose debris is the #1 jobsite trip, puncture and fire hazard and blocks every trade that follows.","Source-separated debris streams (metal, cardboard, wood, drywall) divert material from landfill and lower haul cost.",,,,
BK-010112,"Site, Debris & Waste Management",Construction debris removal,Tile and stone offcut removal,tile-and-stone-offcut-removal,Rough,Core,,masonry scrap pickup,1,"Loose debris is the #1 jobsite trip, puncture and fire hazard and blocks every trade that follows.","Source-separated debris streams (metal, cardboard, wood, drywall) divert material from landfill and lower haul cost.",,,,
BK-010113,"Site, Debris & Waste Management",Construction debris removal,Glass shard and broken glazing cleanup,glass-shard-and-broken-glazing-cleanup,Rough,Core,,broken glass cleanup,1,"Loose debris is the #1 jobsite trip, puncture and fire hazard and blocks every trade that follows.","Source-separated debris streams (metal, cardboard, wood, drywall) divert material from landfill and lower haul cost.",,,,
BK-010114,"Site, Debris & Waste Management",Construction debris removal,Construction dumpster loading,construction-dumpster-loading,Rough,Core,,roll-off loading,1,"Loose debris is the #1 jobsite trip, puncture and fire hazard and blocks every trade that follows.","Source-separated debris streams (metal, cardboard, wood, drywall) divert material from landfill and lower haul cost.",,,,
BK-010115,"Site, Debris & Waste Management",Construction debris removal,Debris chute operation support,debris-chute-operation-support,Rough,Core,,trash chute loading,1,"Loose debris is the #1 jobsite trip, puncture and fire hazard and blocks every trade that follows.","Source-separated debris streams (metal, cardboard, wood, drywall) divert material from landfill and lower haul cost.",,,,
BK-010116,"Site, Debris & Waste Management",Construction debris removal,Dumpster area housekeeping,dumpster-area-housekeeping,Progress,Core,,roll-off area cleanup,1,"Loose debris is the #1 jobsite trip, puncture and fire hazard and blocks every trade that follows.","Source-separated debris streams (metal, cardboard, wood, drywall) divert material from landfill and lower haul cost.",,,,
BK-010117,"Site, Debris & Waste Management",Construction debris removal,Recycling stream separation,recycling-stream-separation,Progress,Core,,waste diversion sorting; construction recycling,2,"Loose debris is the #1 jobsite trip, puncture and fire hazard and blocks every trade that follows.","Source-separated debris streams (metal, cardboard, wood, drywall) divert material from landfill and lower haul cost.",,,,
BK-010118,"Site, Debris & Waste Management",Construction debris removal,Waste diversion tracking for LEED,waste-diversion-tracking-for-leed,Progress,Adjacent specialist,,LEED waste log; diversion report,2,"Loose debris is the #1 jobsite trip, puncture and fire hazard and blocks every trade that follows.","Source-separated debris streams (metal, cardboard, wood, drywall) divert material from landfill and lower haul cost.",,,,
BK-010119,"Site, Debris & Waste Management",Construction debris removal,Final haul-off of remaining debris,final-haul-off-of-remaining-debris,Final,Core,,final trash out,1,"Loose debris is the #1 jobsite trip, puncture and fire hazard and blocks every trade that follows.","Source-separated debris streams (metal, cardboard, wood, drywall) divert material from landfill and lower haul cost.",,,,
BK-010120,"Site, Debris & Waste Management",Construction debris removal,Surplus material staging for return,surplus-material-staging-for-return,Final,Core,,leftover material staging,1,"Loose debris is the #1 jobsite trip, puncture and fire hazard and blocks every trade that follows.","Source-separated debris streams (metal, cardboard, wood, drywall) divert material from landfill and lower haul cost.",,,,
BK-010201,"Site, Debris & Waste Management",Jobsite housekeeping and safety,Daily jobsite sweep,daily-jobsite-sweep,Progress,Core,,daily cleanup; progress sweep,2,OSHA housekeeping rules require clear walking surfaces and controlled combustible waste; a clean site is a safer and faster site.,Wet methods and HEPA capture keep dust on the floor and out of lungs instead of re-suspending it with brooms or blowers.,,,,
BK-010202,"Site, Debris & Waste Management",Jobsite housekeeping and safety,Weekly jobsite clean,weekly-jobsite-clean,Progress,Core,,weekly site cleaning,1,OSHA housekeeping rules require clear walking surfaces and controlled combustible waste; a clean site is a safer and faster site.,Wet methods and HEPA capture keep dust on the floor and out of lungs instead of re-suspending it with brooms or blowers.,,,,
BK-010203,"Site, Debris & Waste Management",Jobsite housekeeping and safety,Stairwell and egress path clearing,stairwell-and-egress-path-clearing,Progress,Core,,egress cleanup; exit path clearing,2,OSHA housekeeping rules require clear walking surfaces and controlled combustible waste; a clean site is a safer and faster site.,Wet methods and HEPA capture keep dust on the floor and out of lungs instead of re-suspending it with brooms or blowers.,,,,
BK-010204,"Site, Debris & Waste Management",Jobsite housekeeping and safety,Trade-area cleanup between trades,trade-area-cleanup-between-trades,Progress,Core,,trade turnover clean; after-trade clean,2,OSHA housekeeping rules require clear walking surfaces and controlled combustible waste; a clean site is a safer and faster site.,Wet methods and HEPA capture keep dust on the floor and out of lungs instead of re-suspending it with brooms or blowers.,,,,Punch & touch-up
BK-010205,"Site, Debris & Waste Management",Jobsite housekeeping and safety,Jobsite trailer cleaning,jobsite-trailer-cleaning,Progress,Core,,site office cleaning; construction trailer cleaning,2,OSHA housekeeping rules require clear walking surfaces and controlled combustible waste; a clean site is a safer and faster site.,Wet methods and HEPA capture keep dust on the floor and out of lungs instead of re-suspending it with brooms or blowers.,,,,
BK-010206,"Site, Debris & Waste Management",Jobsite housekeeping and safety,Portable toilet area upkeep,portable-toilet-area-upkeep,Progress,Adjacent specialist,,porta-john area cleanup,1,OSHA housekeeping rules require clear walking surfaces and controlled combustible waste; a clean site is a safer and faster site.,Wet methods and HEPA capture keep dust on the floor and out of lungs instead of re-suspending it with brooms or blowers.,,,,
BK-010207,"Site, Debris & Waste Management",Jobsite housekeeping and safety,Break and lunch area cleaning,break-and-lunch-area-cleaning,Progress,Core,,jobsite break area cleanup,1,OSHA housekeeping rules require clear walking surfaces and controlled combustible waste; a clean site is a safer and faster site.,Wet methods and HEPA capture keep dust on the floor and out of lungs instead of re-suspending it with brooms or blowers.,,,,
BK-010208,"Site, Debris & Waste Management",Jobsite housekeeping and safety,Tool and material laydown area cleanup,tool-and-material-laydown-area-cleanup,Progress,Core,,laydown yard cleanup,1,OSHA housekeeping rules require clear walking surfaces and controlled combustible waste; a clean site is a safer and faster site.,Wet methods and HEPA capture keep dust on the floor and out of lungs instead of re-suspending it with brooms or blowers.,,,,
BK-010209,"Site, Debris & Waste Management",Jobsite housekeeping and safety,Mud and track-out removal at entrances,mud-and-track-out-removal-at-entrances,Progress,Core,,track-out cleanup,1,OSHA housekeeping rules require clear walking surfaces and controlled combustible waste; a clean site is a safer and faster site.,Wet methods and HEPA capture keep dust on the floor and out of lungs instead of re-suspending it with brooms or blowers.,,,,
BK-010210,"Site, Debris & Waste Management",Jobsite housekeeping and safety,Silica-aware wet sweeping,silica-aware-wet-sweeping,Progress,Core,,wet sweep; dust suppression sweeping,2,OSHA housekeeping rules require clear walking surfaces and controlled combustible waste; a clean site is a safer and faster site.,Wet methods and HEPA capture keep dust on the floor and out of lungs instead of re-suspending it with brooms or blowers.,,BK-030113,,
BK-010211,"Site, Debris & Waste Management",Jobsite housekeeping and safety,HEPA vacuuming of work areas,hepa-vacuuming-of-work-areas,Progress,Core,,HEPA vac cleanup,1,OSHA housekeeping rules require clear walking surfaces and controlled combustible waste; a clean site is a safer and faster site.,Wet methods and HEPA capture keep dust on the floor and out of lungs instead of re-suspending it with brooms or blowers.,,,,
BK-010212,"Site, Debris & Waste Management",Jobsite housekeeping and safety,Sweeping compound application,sweeping-compound-application,Progress,Core,,dust control compound sweep,1,OSHA housekeeping rules require clear walking surfaces and controlled combustible waste; a clean site is a safer and faster site.,Wet methods and HEPA capture keep dust on the floor and out of lungs instead of re-suspending it with brooms or blowers.,,,,
BK-010213,"Site, Debris & Waste Management",Jobsite housekeeping and safety,Combustible waste removal,combustible-waste-removal,Progress,Core,,fire load reduction cleanup,1,OSHA housekeeping rules require clear walking surfaces and controlled combustible waste; a clean site is a safer and faster site.,Wet methods and HEPA capture keep dust on the floor and out of lungs instead of re-suspending it with brooms or blowers.,,,,
BK-010214,"Site, Debris & Waste Management",Jobsite housekeeping and safety,Spill response for paint and non-hazardous liquids,spill-response-for-paint-and-non-hazardous-liquids,Any stage / specialty,Adjacent specialist,,small spill cleanup,1,OSHA housekeeping rules require clear walking surfaces and controlled combustible waste; a clean site is a safer and faster site.,Wet methods and HEPA capture keep dust on the floor and out of lungs instead of re-suspending it with brooms or blowers.,,,,
BK-010215,"Site, Debris & Waste Management",Jobsite housekeeping and safety,Concrete washout area maintenance,concrete-washout-area-maintenance,Progress,Adjacent specialist,,washout pit cleanup,1,OSHA housekeeping rules require clear walking surfaces and controlled combustible waste; a clean site is a safer and faster site.,Wet methods and HEPA capture keep dust on the floor and out of lungs instead of re-suspending it with brooms or blowers.,,,,
BK-010216,"Site, Debris & Waste Management",Jobsite housekeeping and safety,Pre-inspection jobsite clean,pre-inspection-jobsite-clean,Any stage / specialty,Core,,inspection-ready cleanup; OSHA walk prep,2,OSHA housekeeping rules require clear walking surfaces and controlled combustible waste; a clean site is a safer and faster site.,Wet methods and HEPA capture keep dust on the floor and out of lungs instead of re-suspending it with brooms or blowers.,,,,
BK-010217,"Site, Debris & Waste Management",Jobsite housekeeping and safety,Owner walkthrough and VIP tour prep clean,owner-walkthrough-and-vip-tour-prep-clean,Any stage / specialty,Core,,tour-ready clean,1,OSHA housekeeping rules require clear walking surfaces and controlled combustible waste; a clean site is a safer and faster site.,Wet methods and HEPA capture keep dust on the floor and out of lungs instead of re-suspending it with brooms or blowers.,,,,
BK-020101,Rough Clean,Rough clean (phase 1),Rough clean of entire building,rough-clean-of-entire-building,Rough,Core,,phase 1 clean; rough cleaning,2,"Rough clean removes bulk debris and dust after framing, drywall and MEP rough-in so finish trades can start on clean substrate.",Top-down HEPA vacuuming and microfiber capture keep fine dust from settling into ducts and finishes installed next.,,,Rough clean scope,
BK-020102,Rough Clean,Rough clean (phase 1),Rough clean by floor or phase,rough-clean-by-floor-or-phase,Rough,Core,,partial rough clean,1,"Rough clean removes bulk debris and dust after framing, drywall and MEP rough-in so finish trades can start on clean substrate.",Top-down HEPA vacuuming and microfiber capture keep fine dust from settling into ducts and finishes installed next.,,,Rough clean scope,
BK-020103,Rough Clean,Rough clean (phase 1),Interior wall stud bay vacuuming before close-in,interior-wall-stud-bay-vacuuming-before-close-in,Rough,Core,,stud cavity cleanout,1,"Rough clean removes bulk debris and dust after framing, drywall and MEP rough-in so finish trades can start on clean substrate.",Top-down HEPA vacuuming and microfiber capture keep fine dust from settling into ducts and finishes installed next.,,,,
BK-020104,Rough Clean,Rough clean (phase 1),Slab scraping of drywall mud and joint compound,slab-scraping-of-drywall-mud-and-joint-compound,Rough,Core,,mud scrape; slab scrape,2,"Rough clean removes bulk debris and dust after framing, drywall and MEP rough-in so finish trades can start on clean substrate.",Top-down HEPA vacuuming and microfiber capture keep fine dust from settling into ducts and finishes installed next.,,,,
BK-020105,Rough Clean,Rough clean (phase 1),Slab scraping of overspray and drips,slab-scraping-of-overspray-and-drips,Rough,Core,,floor scrape,1,"Rough clean removes bulk debris and dust after framing, drywall and MEP rough-in so finish trades can start on clean substrate.",Top-down HEPA vacuuming and microfiber capture keep fine dust from settling into ducts and finishes installed next.,,,Paint residue,
BK-020106,Rough Clean,Rough clean (phase 1),Window sill and opening rough wipe,window-sill-and-opening-rough-wipe,Rough,Core,,rough window clean,1,"Rough clean removes bulk debris and dust after framing, drywall and MEP rough-in so finish trades can start on clean substrate.",Top-down HEPA vacuuming and microfiber capture keep fine dust from settling into ducts and finishes installed next.,,,,Window sills
BK-020107,Rough Clean,Rough clean (phase 1),Rough clean of mechanical and electrical rooms,rough-clean-of-mechanical-and-electrical-rooms,Rough,Core,,MEP room rough clean,1,"Rough clean removes bulk debris and dust after framing, drywall and MEP rough-in so finish trades can start on clean substrate.",Top-down HEPA vacuuming and microfiber capture keep fine dust from settling into ducts and finishes installed next.,,,,
BK-020108,Rough Clean,Rough clean (phase 1),Rough clean of shafts and chases,rough-clean-of-shafts-and-chases,Rough,Adjacent specialist,,shaft cleanout,1,"Rough clean removes bulk debris and dust after framing, drywall and MEP rough-in so finish trades can start on clean substrate.",Top-down HEPA vacuuming and microfiber capture keep fine dust from settling into ducts and finishes installed next.,,,,
BK-020109,Rough Clean,Rough clean (phase 1),Rough clean of plenum above ceiling before grid close,rough-clean-of-plenum-above-ceiling-before-grid-close,Rough,Adjacent specialist,,above-ceiling cleanout; plenum clean,2,"Rough clean removes bulk debris and dust after framing, drywall and MEP rough-in so finish trades can start on clean substrate.",Top-down HEPA vacuuming and microfiber capture keep fine dust from settling into ducts and finishes installed next.,,,,
BK-020110,Rough Clean,Rough clean (phase 1),Removal of sticker and label backing debris,removal-of-sticker-and-label-backing-debris,Rough,Core,,label debris cleanup,1,"Rough clean removes bulk debris and dust after framing, drywall and MEP rough-in so finish trades can start on clean substrate.",Top-down HEPA vacuuming and microfiber capture keep fine dust from settling into ducts and finishes installed next.,,,Labels and stickers,
BK-020111,Rough Clean,Rough clean (phase 1),Rough clean of exterior perimeter,rough-clean-of-exterior-perimeter,Rough,Core,,perimeter debris pickup,1,"Rough clean removes bulk debris and dust after framing, drywall and MEP rough-in so finish trades can start on clean substrate.",Top-down HEPA vacuuming and microfiber capture keep fine dust from settling into ducts and finishes installed next.,,,,
BK-030101,"Fine Dust, Drywall Dust & Controlled-Dust Cleaning",Fine dust removal,Fine drywall dust removal from all horizontal surfaces,fine-drywall-dust-removal-from-all-horizontal-surfaces,Final,Core,,drywall dust cleaning; sheetrock dust removal,2,"Drywall and concrete dust is abrasive, migrates into HVAC and electronics, and re-deposits for weeks if it is pushed around instead of captured.","HEPA-filtered vacuums, damp microfiber and pH-neutral solutions capture dust rather than redistributing it — the safer, cleaner method.",,,Concrete dust,
BK-030102,"Fine Dust, Drywall Dust & Controlled-Dust Cleaning",Fine dust removal,Fine dust removal from vertical wall surfaces,fine-dust-removal-from-vertical-wall-surfaces,Final,Core,,wall dusting,1,"Drywall and concrete dust is abrasive, migrates into HVAC and electronics, and re-deposits for weeks if it is pushed around instead of captured.","HEPA-filtered vacuums, damp microfiber and pH-neutral solutions capture dust rather than redistributing it — the safer, cleaner method.",,,,
BK-030103,"Fine Dust, Drywall Dust & Controlled-Dust Cleaning",Fine dust removal,Fine dust removal from window frames and mullions,fine-dust-removal-from-window-frames-and-mullions,Final,Core,,mullion dusting,1,"Drywall and concrete dust is abrasive, migrates into HVAC and electronics, and re-deposits for weeks if it is pushed around instead of captured.","HEPA-filtered vacuums, damp microfiber and pH-neutral solutions capture dust rather than redistributing it — the safer, cleaner method.",,,,
BK-030104,"Fine Dust, Drywall Dust & Controlled-Dust Cleaning",Fine dust removal,Fine dust removal from door tops and frame heads,fine-dust-removal-from-door-tops-and-frame-heads,Final,Core,,door top dusting,1,"Drywall and concrete dust is abrasive, migrates into HVAC and electronics, and re-deposits for weeks if it is pushed around instead of captured.","HEPA-filtered vacuums, damp microfiber and pH-neutral solutions capture dust rather than redistributing it — the safer, cleaner method.",,,,
BK-030105,"Fine Dust, Drywall Dust & Controlled-Dust Cleaning",Fine dust removal,Fine dust removal from light switch and outlet plates,fine-dust-removal-from-light-switch-and-outlet-plates,Final,Core,,device plate cleaning,1,"Drywall and concrete dust is abrasive, migrates into HVAC and electronics, and re-deposits for weeks if it is pushed around instead of captured.","HEPA-filtered vacuums, damp microfiber and pH-neutral solutions capture dust rather than redistributing it — the safer, cleaner method.",,,,
BK-030106,"Fine Dust, Drywall Dust & Controlled-Dust Cleaning",Fine dust removal,Fine dust removal from baseboards,fine-dust-removal-from-baseboards,Final,Core,,baseboard dusting,1,"Drywall and concrete dust is abrasive, migrates into HVAC and electronics, and re-deposits for weeks if it is pushed around instead of captured.","HEPA-filtered vacuums, damp microfiber and pH-neutral solutions capture dust rather than redistributing it — the safer, cleaner method.",,BK-060211,,
BK-030107,"Fine Dust, Drywall Dust & Controlled-Dust Cleaning",Fine dust removal,Fine dust removal from cabinets and casework interiors,fine-dust-removal-from-cabinets-and-casework-interiors,Final,Core,,cabinet interior dusting,1,"Drywall and concrete dust is abrasive, migrates into HVAC and electronics, and re-deposits for weeks if it is pushed around instead of captured.","HEPA-filtered vacuums, damp microfiber and pH-neutral solutions capture dust rather than redistributing it — the safer, cleaner method.",,,,
BK-030108,"Fine Dust, Drywall Dust & Controlled-Dust Cleaning",Fine dust removal,Fine dust removal from fire extinguisher cabinets,fine-dust-removal-from-fire-extinguisher-cabinets,Final,Core,,FEC cleaning,1,"Drywall and concrete dust is abrasive, migrates into HVAC and electronics, and re-deposits for weeks if it is pushed around instead of captured.","HEPA-filtered vacuums, damp microfiber and pH-neutral solutions capture dust rather than redistributing it — the safer, cleaner method.",,,,
BK-030109,"Fine Dust, Drywall Dust & Controlled-Dust Cleaning",Fine dust removal,Fine dust removal from signage and wayfinding,fine-dust-removal-from-signage-and-wayfinding,Final,Core,,sign dusting,1,"Drywall and concrete dust is abrasive, migrates into HVAC and electronics, and re-deposits for weeks if it is pushed around instead of captured.","HEPA-filtered vacuums, damp microfiber and pH-neutral solutions capture dust rather than redistributing it — the safer, cleaner method.",,,,
BK-030110,"Fine Dust, Drywall Dust & Controlled-Dust Cleaning",Fine dust removal,Fine dust removal from electronics and low-voltage devices,fine-dust-removal-from-electronics-and-low-voltage-devices,Final,Adjacent specialist,,device dusting,1,"Drywall and concrete dust is abrasive, migrates into HVAC and electronics, and re-deposits for weeks if it is pushed around instead of captured.","HEPA-filtered vacuums, damp microfiber and pH-neutral solutions capture dust rather than redistributing it — the safer, cleaner method.",,,,
BK-030111,"Fine Dust, Drywall Dust & Controlled-Dust Cleaning",Fine dust removal,Fine dust removal from server and IT rooms,fine-dust-removal-from-server-and-it-rooms,Final,Adjacent specialist,,IT room dust removal,1,"Drywall and concrete dust is abrasive, migrates into HVAC and electronics, and re-deposits for weeks if it is pushed around instead of captured.","HEPA-filtered vacuums, damp microfiber and pH-neutral solutions capture dust rather than redistributing it — the safer, cleaner method.",,,,
BK-030112,"Fine Dust, Drywall Dust & Controlled-Dust Cleaning",Fine dust removal,Concrete dust removal after grinding or saw cutting,concrete-dust-removal-after-grinding-or-saw-cutting,Any stage / specialty,Core,,concrete dust cleanup; slurry dust cleanup,2,"Drywall and concrete dust is abrasive, migrates into HVAC and electronics, and re-deposits for weeks if it is pushed around instead of captured.","HEPA-filtered vacuums, damp microfiber and pH-neutral solutions capture dust rather than redistributing it — the safer, cleaner method.",,,Concrete dust,
BK-030113,"Fine Dust, Drywall Dust & Controlled-Dust Cleaning",Fine dust removal,Silica-aware housekeeping cleanup,silica-aware-housekeeping-cleanup,Any stage / specialty,Core,,silica dust cleanup; crystalline silica housekeeping,2,"Drywall and concrete dust is abrasive, migrates into HVAC and electronics, and re-deposits for weeks if it is pushed around instead of captured.","HEPA-filtered vacuums, damp microfiber and pH-neutral solutions capture dust rather than redistributing it — the safer, cleaner method.",,,Concrete dust,
BK-030114,"Fine Dust, Drywall Dust & Controlled-Dust Cleaning",Fine dust removal,Dust re-clean after late-trade work,dust-re-clean-after-late-trade-work,Touch-up / punch,Core,,re-dust; after-trade re-clean,2,"Drywall and concrete dust is abrasive, migrates into HVAC and electronics, and re-deposits for weeks if it is pushed around instead of captured.","HEPA-filtered vacuums, damp microfiber and pH-neutral solutions capture dust rather than redistributing it — the safer, cleaner method.",BK-180106,,,Punch & touch-up
BK-030115,"Fine Dust, Drywall Dust & Controlled-Dust Cleaning",Fine dust removal,Dust containment barrier cleanup and removal,dust-containment-barrier-cleanup-and-removal,Any stage / specialty,Core,,zip wall removal; poly barrier removal,2,"Drywall and concrete dust is abrasive, migrates into HVAC and electronics, and re-deposits for weeks if it is pushed around instead of captured.","HEPA-filtered vacuums, damp microfiber and pH-neutral solutions capture dust rather than redistributing it — the safer, cleaner method.",,,,
BK-030116,"Fine Dust, Drywall Dust & Controlled-Dust Cleaning",Fine dust removal,Negative air zone final cleaning,negative-air-zone-final-cleaning,Any stage / specialty,Adjacent specialist,,containment zone clean,1,"Drywall and concrete dust is abrasive, migrates into HVAC and electronics, and re-deposits for weeks if it is pushed around instead of captured.","HEPA-filtered vacuums, damp microfiber and pH-neutral solutions capture dust rather than redistributing it — the safer, cleaner method.",,,,
BK-030117,"Fine Dust, Drywall Dust & Controlled-Dust Cleaning",Fine dust removal,Occupied-building renovation dust control cleaning,occupied-building-renovation-dust-control-cleaning,Any stage / specialty,Adjacent specialist,,occupied renovation cleaning; ICRA-style cleaning,2,"Drywall and concrete dust is abrasive, migrates into HVAC and electronics, and re-deposits for weeks if it is pushed around instead of captured.","HEPA-filtered vacuums, damp microfiber and pH-neutral solutions capture dust rather than redistributing it — the safer, cleaner method.",,,,
BK-030118,"Fine Dust, Drywall Dust & Controlled-Dust Cleaning",Fine dust removal,Air scrubber filter change and unit wipe-down,air-scrubber-filter-change-and-unit-wipe-down,Any stage / specialty,Adjacent specialist,,air scrubber maintenance,1,"Drywall and concrete dust is abrasive, migrates into HVAC and electronics, and re-deposits for weeks if it is pushed around instead of captured.","HEPA-filtered vacuums, damp microfiber and pH-neutral solutions capture dust rather than redistributing it — the safer, cleaner method.",,,,
BK-040101,Overhead & Elevated Surfaces (Above Eye Level),"Ceilings, decks and structure",Open ceiling deck cleaning,open-ceiling-deck-cleaning,Final,Core,Yes,exposed deck cleaning; metal deck dusting,2,"Overhead dust falls onto finished floors, food areas and merchandise; inspectors and owners look up, and dirty structure reads as unfinished work.",HEPA vacuum capture at height with dry microfiber and low-moisture methods — no blowing dust down onto finished space.,,,,
BK-040102,Overhead & Elevated Surfaces (Above Eye Level),"Ceilings, decks and structure",Exposed structural steel beam cleaning,exposed-structural-steel-beam-cleaning,Final,Core,Yes,beam cleaning; I-beam dusting,2,"Overhead dust falls onto finished floors, food areas and merchandise; inspectors and owners look up, and dirty structure reads as unfinished work.",HEPA vacuum capture at height with dry microfiber and low-moisture methods — no blowing dust down onto finished space.,,,,
BK-040103,Overhead & Elevated Surfaces (Above Eye Level),"Ceilings, decks and structure",Bar joist cleaning,bar-joist-cleaning,Final,Core,Yes,joist dusting; open web joist cleaning,2,"Overhead dust falls onto finished floors, food areas and merchandise; inspectors and owners look up, and dirty structure reads as unfinished work.",HEPA vacuum capture at height with dry microfiber and low-moisture methods — no blowing dust down onto finished space.,,,,
BK-040104,Overhead & Elevated Surfaces (Above Eye Level),"Ceilings, decks and structure",Wood truss and glulam cleaning,wood-truss-and-glulam-cleaning,Final,Adjacent specialist,Yes,truss dusting,1,"Overhead dust falls onto finished floors, food areas and merchandise; inspectors and owners look up, and dirty structure reads as unfinished work.",HEPA vacuum capture at height with dry microfiber and low-moisture methods — no blowing dust down onto finished space.,,,,
BK-040105,Overhead & Elevated Surfaces (Above Eye Level),"Ceilings, decks and structure",Gymnasium rafter cleaning,gymnasium-rafter-cleaning,Final,Adjacent specialist,Yes,gym ceiling cleaning,1,"Overhead dust falls onto finished floors, food areas and merchandise; inspectors and owners look up, and dirty structure reads as unfinished work.",HEPA vacuum capture at height with dry microfiber and low-moisture methods — no blowing dust down onto finished space.,,,,
BK-040106,Overhead & Elevated Surfaces (Above Eye Level),"Ceilings, decks and structure",Warehouse ceiling dust removal,warehouse-ceiling-dust-removal,Final,Core,Yes,warehouse high dusting,1,"Overhead dust falls onto finished floors, food areas and merchandise; inspectors and owners look up, and dirty structure reads as unfinished work.",HEPA vacuum capture at height with dry microfiber and low-moisture methods — no blowing dust down onto finished space.,,,,
BK-040107,Overhead & Elevated Surfaces (Above Eye Level),"Ceilings, decks and structure",Retail store ceiling dust capture,retail-store-ceiling-dust-capture,Final,Core,Yes,retail high dusting,1,"Overhead dust falls onto finished floors, food areas and merchandise; inspectors and owners look up, and dirty structure reads as unfinished work.",HEPA vacuum capture at height with dry microfiber and low-moisture methods — no blowing dust down onto finished space.,,,,
BK-040108,Overhead & Elevated Surfaces (Above Eye Level),"Ceilings, decks and structure",Exposed concrete ceiling cleaning,exposed-concrete-ceiling-cleaning,Final,Core,Yes,concrete soffit cleaning,1,"Overhead dust falls onto finished floors, food areas and merchandise; inspectors and owners look up, and dirty structure reads as unfinished work.",HEPA vacuum capture at height with dry microfiber and low-moisture methods — no blowing dust down onto finished space.,,,,
BK-040109,Overhead & Elevated Surfaces (Above Eye Level),"Ceilings, decks and structure",Acoustic deck and sound panel dusting,acoustic-deck-and-sound-panel-dusting,Final,Adjacent specialist,Yes,acoustic panel cleaning,1,"Overhead dust falls onto finished floors, food areas and merchandise; inspectors and owners look up, and dirty structure reads as unfinished work.",HEPA vacuum capture at height with dry microfiber and low-moisture methods — no blowing dust down onto finished space.,,,,
BK-040110,Overhead & Elevated Surfaces (Above Eye Level),"Ceilings, decks and structure",Spray-applied fireproofing area light dusting,spray-applied-fireproofing-area-light-dusting,Final,Conditional / regulated,Yes,SFRM area dusting,1,"Overhead dust falls onto finished floors, food areas and merchandise; inspectors and owners look up, and dirty structure reads as unfinished work.",HEPA vacuum capture at height with dry microfiber and low-moisture methods — no blowing dust down onto finished space.,,,,Fireproofing
BK-040111,Overhead & Elevated Surfaces (Above Eye Level),"Ceilings, decks and structure",Mezzanine underside cleaning,mezzanine-underside-cleaning,Final,Core,Yes,mezzanine soffit cleaning,1,"Overhead dust falls onto finished floors, food areas and merchandise; inspectors and owners look up, and dirty structure reads as unfinished work.",HEPA vacuum capture at height with dry microfiber and low-moisture methods — no blowing dust down onto finished space.,,,,
BK-040112,Overhead & Elevated Surfaces (Above Eye Level),"Ceilings, decks and structure",Atrium and lobby high ceiling cleaning,atrium-and-lobby-high-ceiling-cleaning,Final,Adjacent specialist,Yes,atrium cleaning,1,"Overhead dust falls onto finished floors, food areas and merchandise; inspectors and owners look up, and dirty structure reads as unfinished work.",HEPA vacuum capture at height with dry microfiber and low-moisture methods — no blowing dust down onto finished space.,,,,
BK-040113,Overhead & Elevated Surfaces (Above Eye Level),"Ceilings, decks and structure",Skylight well and light shaft cleaning,skylight-well-and-light-shaft-cleaning,Final,Adjacent specialist,Yes,skylight well cleaning,1,"Overhead dust falls onto finished floors, food areas and merchandise; inspectors and owners look up, and dirty structure reads as unfinished work.",HEPA vacuum capture at height with dry microfiber and low-moisture methods — no blowing dust down onto finished space.,,,,Skylights
BK-040201,Overhead & Elevated Surfaces (Above Eye Level),Overhead MEP exterior surfaces,Duct exterior cleaning,duct-exterior-cleaning,Final,Core,Yes,ductwork exterior dusting; spiral duct cleaning,2,"Pipes, ducts and trays collect the heaviest construction dust and later shed it into occupied space and food zones.",HEPA capture and damp wipe with pH-neutral cleaners preserve paint and labeling on new MEP finishes.,,,,Overhead MEP
BK-040202,Overhead & Elevated Surfaces (Above Eye Level),Overhead MEP exterior surfaces,Fabric duct sock cleaning,fabric-duct-sock-cleaning,Final,Adjacent specialist,Yes,textile duct cleaning,1,"Pipes, ducts and trays collect the heaviest construction dust and later shed it into occupied space and food zones.",HEPA capture and damp wipe with pH-neutral cleaners preserve paint and labeling on new MEP finishes.,,,,
BK-040203,Overhead & Elevated Surfaces (Above Eye Level),Overhead MEP exterior surfaces,Overhead piping exterior cleaning,overhead-piping-exterior-cleaning,Final,Core,Yes,pipe dusting,1,"Pipes, ducts and trays collect the heaviest construction dust and later shed it into occupied space and food zones.",HEPA capture and damp wipe with pH-neutral cleaners preserve paint and labeling on new MEP finishes.,,,,Overhead MEP
BK-040204,Overhead & Elevated Surfaces (Above Eye Level),Overhead MEP exterior surfaces,Sprinkler pipe exterior dusting,sprinkler-pipe-exterior-dusting,Final,Core,Yes,fire sprinkler pipe dusting,1,"Pipes, ducts and trays collect the heaviest construction dust and later shed it into occupied space and food zones.",HEPA capture and damp wipe with pH-neutral cleaners preserve paint and labeling on new MEP finishes.,,,,Overhead MEP
BK-040205,Overhead & Elevated Surfaces (Above Eye Level),Overhead MEP exterior surfaces,Sprinkler head careful dusting,sprinkler-head-careful-dusting,Final,Adjacent specialist,Yes,sprinkler head cleaning,1,"Pipes, ducts and trays collect the heaviest construction dust and later shed it into occupied space and food zones.",HEPA capture and damp wipe with pH-neutral cleaners preserve paint and labeling on new MEP finishes.,,,,
BK-040206,Overhead & Elevated Surfaces (Above Eye Level),Overhead MEP exterior surfaces,Cable tray exterior dusting,cable-tray-exterior-dusting,Final,Core,Yes,cable tray cleaning,1,"Pipes, ducts and trays collect the heaviest construction dust and later shed it into occupied space and food zones.",HEPA capture and damp wipe with pH-neutral cleaners preserve paint and labeling on new MEP finishes.,,,,Overhead MEP
BK-040207,Overhead & Elevated Surfaces (Above Eye Level),Overhead MEP exterior surfaces,Conduit run dusting,conduit-run-dusting,Final,Core,Yes,conduit dusting,1,"Pipes, ducts and trays collect the heaviest construction dust and later shed it into occupied space and food zones.",HEPA capture and damp wipe with pH-neutral cleaners preserve paint and labeling on new MEP finishes.,,,,Overhead MEP
BK-040208,Overhead & Elevated Surfaces (Above Eye Level),Overhead MEP exterior surfaces,Unit heater exterior cleaning,unit-heater-exterior-cleaning,Final,Core,Yes,unit heater dusting,1,"Pipes, ducts and trays collect the heaviest construction dust and later shed it into occupied space and food zones.",HEPA capture and damp wipe with pH-neutral cleaners preserve paint and labeling on new MEP finishes.,,,,
BK-040209,Overhead & Elevated Surfaces (Above Eye Level),Overhead MEP exterior surfaces,Overhead exhaust fan exterior cleaning,overhead-exhaust-fan-exterior-cleaning,Final,Core,Yes,exhaust fan dusting,1,"Pipes, ducts and trays collect the heaviest construction dust and later shed it into occupied space and food zones.",HEPA capture and damp wipe with pH-neutral cleaners preserve paint and labeling on new MEP finishes.,,,,
BK-040210,Overhead & Elevated Surfaces (Above Eye Level),Overhead MEP exterior surfaces,HVLS ceiling fan cleaning,hvls-ceiling-fan-cleaning,Final,Adjacent specialist,Yes,big fan cleaning; industrial ceiling fan cleaning,2,"Pipes, ducts and trays collect the heaviest construction dust and later shed it into occupied space and food zones.",HEPA capture and damp wipe with pH-neutral cleaners preserve paint and labeling on new MEP finishes.,,,Ceiling fans,
BK-040211,Overhead & Elevated Surfaces (Above Eye Level),Overhead MEP exterior surfaces,Ceiling fan cleaning,ceiling-fan-cleaning,Final,Core,Yes,fan blade dusting,1,"Pipes, ducts and trays collect the heaviest construction dust and later shed it into occupied space and food zones.",HEPA capture and damp wipe with pH-neutral cleaners preserve paint and labeling on new MEP finishes.,,,Ceiling fans,
BK-040301,Overhead & Elevated Surfaces (Above Eye Level),Lighting and fixtures at height,High-bay light fixture cleaning,high-bay-light-fixture-cleaning,Final,Core,Yes,high bay cleaning,1,Dust on new fixtures cuts light output and shows immediately under commissioning; it is a common punch item.,Dry microfiber and manufacturer-safe cleaners protect lenses and powder-coated finishes.,,,,
BK-040302,Overhead & Elevated Surfaces (Above Eye Level),Lighting and fixtures at height,Pendant and suspended light cleaning,pendant-and-suspended-light-cleaning,Final,Core,Yes,pendant cleaning,1,Dust on new fixtures cuts light output and shows immediately under commissioning; it is a common punch item.,Dry microfiber and manufacturer-safe cleaners protect lenses and powder-coated finishes.,,,,
BK-040303,Overhead & Elevated Surfaces (Above Eye Level),Lighting and fixtures at height,Linear light fixture and lens cleaning,linear-light-fixture-and-lens-cleaning,Final,Core,Yes,troffer lens cleaning,1,Dust on new fixtures cuts light output and shows immediately under commissioning; it is a common punch item.,Dry microfiber and manufacturer-safe cleaners protect lenses and powder-coated finishes.,,,,
BK-040304,Overhead & Elevated Surfaces (Above Eye Level),Lighting and fixtures at height,Chandelier and decorative fixture cleaning,chandelier-and-decorative-fixture-cleaning,Final,Adjacent specialist,Yes,chandelier cleaning,1,Dust on new fixtures cuts light output and shows immediately under commissioning; it is a common punch item.,Dry microfiber and manufacturer-safe cleaners protect lenses and powder-coated finishes.,,,,
BK-040305,Overhead & Elevated Surfaces (Above Eye Level),Lighting and fixtures at height,Track lighting cleaning,track-lighting-cleaning,Final,Core,Yes,track light dusting,1,Dust on new fixtures cuts light output and shows immediately under commissioning; it is a common punch item.,Dry microfiber and manufacturer-safe cleaners protect lenses and powder-coated finishes.,,,,
BK-040306,Overhead & Elevated Surfaces (Above Eye Level),Lighting and fixtures at height,Exit sign and emergency light cleaning,exit-sign-and-emergency-light-cleaning,Final,Core,Yes,exit light cleaning,1,Dust on new fixtures cuts light output and shows immediately under commissioning; it is a common punch item.,Dry microfiber and manufacturer-safe cleaners protect lenses and powder-coated finishes.,,,,
BK-040307,Overhead & Elevated Surfaces (Above Eye Level),Lighting and fixtures at height,Clerestory and upper window cleaning,clerestory-and-upper-window-cleaning,Final,Adjacent specialist,Yes,high window cleaning,1,Dust on new fixtures cuts light output and shows immediately under commissioning; it is a common punch item.,Dry microfiber and manufacturer-safe cleaners protect lenses and powder-coated finishes.,,,,
BK-040308,Overhead & Elevated Surfaces (Above Eye Level),Lighting and fixtures at height,Elevated signage and banner cleaning,elevated-signage-and-banner-cleaning,Final,Core,Yes,high sign cleaning,1,Dust on new fixtures cuts light output and shows immediately under commissioning; it is a common punch item.,Dry microfiber and manufacturer-safe cleaners protect lenses and powder-coated finishes.,,,,
BK-040309,Overhead & Elevated Surfaces (Above Eye Level),Lighting and fixtures at height,Upper wall ledge and soffit cleaning,upper-wall-ledge-and-soffit-cleaning,Final,Core,Yes,ledge dusting,1,Dust on new fixtures cuts light output and shows immediately under commissioning; it is a common punch item.,Dry microfiber and manufacturer-safe cleaners protect lenses and powder-coated finishes.,,,,
BK-040310,Overhead & Elevated Surfaces (Above Eye Level),Lighting and fixtures at height,Top of shelving and racking dusting,top-of-shelving-and-racking-dusting,Final,Core,Yes,rack top dusting,1,Dust on new fixtures cuts light output and shows immediately under commissioning; it is a common punch item.,Dry microfiber and manufacturer-safe cleaners protect lenses and powder-coated finishes.,,BK-140302,,
BK-040311,Overhead & Elevated Surfaces (Above Eye Level),Lighting and fixtures at height,Top of walk-in cooler box dusting,top-of-walk-in-cooler-box-dusting,Final,Core,Yes,cooler top cleaning,1,Dust on new fixtures cuts light output and shows immediately under commissioning; it is a common punch item.,Dry microfiber and manufacturer-safe cleaners protect lenses and powder-coated finishes.,,,,
BK-040312,Overhead & Elevated Surfaces (Above Eye Level),Lighting and fixtures at height,Top of millwork and display dusting,top-of-millwork-and-display-dusting,Final,Core,Yes,top-of-fixture dusting,1,Dust on new fixtures cuts light output and shows immediately under commissioning; it is a common punch item.,Dry microfiber and manufacturer-safe cleaners protect lenses and powder-coated finishes.,,,,
BK-040401,Overhead & Elevated Surfaces (Above Eye Level),Recurring overhead maintenance,Quarterly high dusting program,quarterly-high-dusting-program,Recurring maintenance,Core,Yes,scheduled high dusting,1,"Overhead dust returns after turnover; scheduled high dusting protects food safety audits, merchandise and indoor air.",Planned low-moisture HEPA cycles prevent heavy buildup that later needs aggressive chemistry.,,,,
BK-040402,Overhead & Elevated Surfaces (Above Eye Level),Recurring overhead maintenance,Semiannual overhead cleaning program,semiannual-overhead-cleaning-program,Recurring maintenance,Core,Yes,twice-yearly ceiling cleaning,1,"Overhead dust returns after turnover; scheduled high dusting protects food safety audits, merchandise and indoor air.",Planned low-moisture HEPA cycles prevent heavy buildup that later needs aggressive chemistry.,,,,
BK-040403,Overhead & Elevated Surfaces (Above Eye Level),Recurring overhead maintenance,Annual deep overhead cleaning,annual-deep-overhead-cleaning,Recurring maintenance,Core,Yes,annual high dusting,1,"Overhead dust returns after turnover; scheduled high dusting protects food safety audits, merchandise and indoor air.",Planned low-moisture HEPA cycles prevent heavy buildup that later needs aggressive chemistry.,,,,
BK-040404,Overhead & Elevated Surfaces (Above Eye Level),Recurring overhead maintenance,Pre-audit overhead cleaning for food facilities,pre-audit-overhead-cleaning-for-food-facilities,Recurring maintenance,Core,Yes,audit prep high dusting; SQF prep,2,"Overhead dust returns after turnover; scheduled high dusting protects food safety audits, merchandise and indoor air.",Planned low-moisture HEPA cycles prevent heavy buildup that later needs aggressive chemistry.,,,,
BK-040405,Overhead & Elevated Surfaces (Above Eye Level),Recurring overhead maintenance,Overnight high dusting in operating stores,overnight-high-dusting-in-operating-stores,Recurring maintenance,Core,Yes,after-hours high dusting,1,"Overhead dust returns after turnover; scheduled high dusting protects food safety audits, merchandise and indoor air.",Planned low-moisture HEPA cycles prevent heavy buildup that later needs aggressive chemistry.,,,,
BK-050101,"Walls, Ceilings & Interior Finishes",Wall surfaces,Spot cleaning of painted walls,spot-cleaning-of-painted-walls,Final,Core,,wall spot clean; scuff removal,2,"Fingerprints, overspray and tape residue on new paint are the most-noticed punch items on owner walks.",Gentle pH-neutral cleaning protects fresh paint films that harsh degreasers would burnish or etch.,BK-080211,,,
BK-050102,"Walls, Ceilings & Interior Finishes",Wall surfaces,Full wall washing,full-wall-washing,Final,Core,,wall wash,1,"Fingerprints, overspray and tape residue on new paint are the most-noticed punch items on owner walks.",Gentle pH-neutral cleaning protects fresh paint films that harsh degreasers would burnish or etch.,,,,
BK-050103,"Walls, Ceilings & Interior Finishes",Wall surfaces,Wallcovering and vinyl wall cleaning,wallcovering-and-vinyl-wall-cleaning,Final,Core,,wallpaper cleaning,1,"Fingerprints, overspray and tape residue on new paint are the most-noticed punch items on owner walks.",Gentle pH-neutral cleaning protects fresh paint films that harsh degreasers would burnish or etch.,,,,
BK-050104,"Walls, Ceilings & Interior Finishes",Wall surfaces,Wall protection and corner guard cleaning,wall-protection-and-corner-guard-cleaning,Final,Core,,crash rail cleaning,1,"Fingerprints, overspray and tape residue on new paint are the most-noticed punch items on owner walks.",Gentle pH-neutral cleaning protects fresh paint films that harsh degreasers would burnish or etch.,,,,
BK-050105,"Walls, Ceilings & Interior Finishes",Wall surfaces,Acoustic wall panel vacuuming,acoustic-wall-panel-vacuuming,Final,Adjacent specialist,,fabric wall panel cleaning,1,"Fingerprints, overspray and tape residue on new paint are the most-noticed punch items on owner walks.",Gentle pH-neutral cleaning protects fresh paint films that harsh degreasers would burnish or etch.,,,,
BK-050106,"Walls, Ceilings & Interior Finishes",Wall surfaces,Wood wall panel and slat cleaning,wood-wall-panel-and-slat-cleaning,Final,Adjacent specialist,,wood veneer wall cleaning,1,"Fingerprints, overspray and tape residue on new paint are the most-noticed punch items on owner walks.",Gentle pH-neutral cleaning protects fresh paint films that harsh degreasers would burnish or etch.,,,,
BK-050107,"Walls, Ceilings & Interior Finishes",Wall surfaces,Stone and tile wall cleaning,stone-and-tile-wall-cleaning,Final,Core,,tile wall cleaning,1,"Fingerprints, overspray and tape residue on new paint are the most-noticed punch items on owner walks.",Gentle pH-neutral cleaning protects fresh paint films that harsh degreasers would burnish or etch.,,,Natural stone,
BK-050108,"Walls, Ceilings & Interior Finishes",Wall surfaces,Marker board and whiteboard wall cleaning,marker-board-and-whiteboard-wall-cleaning,Final,Core,,dry erase wall cleaning,1,"Fingerprints, overspray and tape residue on new paint are the most-noticed punch items on owner walks.",Gentle pH-neutral cleaning protects fresh paint films that harsh degreasers would burnish or etch.,,,,
BK-050109,"Walls, Ceilings & Interior Finishes",Wall surfaces,Stainless and metal wall panel cleaning,stainless-and-metal-wall-panel-cleaning,Final,Core,,metal panel cleaning,1,"Fingerprints, overspray and tape residue on new paint are the most-noticed punch items on owner walks.",Gentle pH-neutral cleaning protects fresh paint films that harsh degreasers would burnish or etch.,,,Stainless surfaces,
BK-050110,"Walls, Ceilings & Interior Finishes",Wall surfaces,Glass wall and back-painted glass cleaning,glass-wall-and-back-painted-glass-cleaning,Final,Core,,glass wall cleaning,1,"Fingerprints, overspray and tape residue on new paint are the most-noticed punch items on owner walks.",Gentle pH-neutral cleaning protects fresh paint films that harsh degreasers would burnish or etch.,,BK-070109,,
BK-050201,"Walls, Ceilings & Interior Finishes",Ceiling surfaces,Acoustic ceiling tile spot cleaning,acoustic-ceiling-tile-spot-cleaning,Final,Core,,ceiling tile cleaning; ACT cleaning,2,Smudged tiles and grid are visible from every angle and frequently rejected at punch.,Dry sponge and low-moisture methods avoid water-staining new acoustic tile.,,,,Ceiling plane
BK-050202,"Walls, Ceilings & Interior Finishes",Ceiling surfaces,Ceiling grid cleaning,ceiling-grid-cleaning,Final,Core,,T-bar cleaning,1,Smudged tiles and grid are visible from every angle and frequently rejected at punch.,Dry sponge and low-moisture methods avoid water-staining new acoustic tile.,,,,Ceiling plane
BK-050203,"Walls, Ceilings & Interior Finishes",Ceiling surfaces,Drywall ceiling and soffit cleaning,drywall-ceiling-and-soffit-cleaning,Final,Core,,gyp ceiling cleaning,1,Smudged tiles and grid are visible from every angle and frequently rejected at punch.,Dry sponge and low-moisture methods avoid water-staining new acoustic tile.,,,,
BK-050204,"Walls, Ceilings & Interior Finishes",Ceiling surfaces,Wood and specialty ceiling cleaning,wood-and-specialty-ceiling-cleaning,Final,Adjacent specialist,,linear wood ceiling cleaning,1,Smudged tiles and grid are visible from every angle and frequently rejected at punch.,Dry sponge and low-moisture methods avoid water-staining new acoustic tile.,,,,
BK-050205,"Walls, Ceilings & Interior Finishes",Ceiling surfaces,Metal ceiling panel cleaning,metal-ceiling-panel-cleaning,Final,Core,,metal ceiling cleaning,1,Smudged tiles and grid are visible from every angle and frequently rejected at punch.,Dry sponge and low-moisture methods avoid water-staining new acoustic tile.,,,,
BK-050206,"Walls, Ceilings & Interior Finishes",Ceiling surfaces,Ceiling diffuser and grille face cleaning,ceiling-diffuser-and-grille-face-cleaning,Final,Core,,diffuser cleaning; register cleaning; return grille cleaning,3,Smudged tiles and grid are visible from every angle and frequently rejected at punch.,Dry sponge and low-moisture methods avoid water-staining new acoustic tile.,,,,Ceiling plane
BK-050207,"Walls, Ceilings & Interior Finishes",Ceiling surfaces,Access panel cleaning,access-panel-cleaning,Final,Core,,ceiling hatch cleaning,1,Smudged tiles and grid are visible from every angle and frequently rejected at punch.,Dry sponge and low-moisture methods avoid water-staining new acoustic tile.,,,,
BK-060101,"Doors, Hardware, Millwork & Casework",Doors and frames,Door face cleaning,door-face-cleaning,Final,Core,,door cleaning,1,"Doors are touched by every inspector; labels, overspray and fingerprints are classic punch items.","Manufacturer-compatible cleaners protect factory finishes, fire labels and hardware coatings.",,,,
BK-060102,"Doors, Hardware, Millwork & Casework",Doors and frames,Door frame and jamb cleaning,door-frame-and-jamb-cleaning,Final,Core,,frame wipe,1,"Doors are touched by every inspector; labels, overspray and fingerprints are classic punch items.","Manufacturer-compatible cleaners protect factory finishes, fire labels and hardware coatings.",,,,
BK-060103,"Doors, Hardware, Millwork & Casework",Doors and frames,Door hardware polishing,door-hardware-polishing,Final,Core,,hardware cleaning; lever polish,2,"Doors are touched by every inspector; labels, overspray and fingerprints are classic punch items.","Manufacturer-compatible cleaners protect factory finishes, fire labels and hardware coatings.",,,,
BK-060104,"Doors, Hardware, Millwork & Casework",Doors and frames,Door kick and push plate polishing,door-kick-and-push-plate-polishing,Final,Core,,kick plate cleaning,1,"Doors are touched by every inspector; labels, overspray and fingerprints are classic punch items.","Manufacturer-compatible cleaners protect factory finishes, fire labels and hardware coatings.",,,,
BK-060105,"Doors, Hardware, Millwork & Casework",Doors and frames,Door vision lite cleaning,door-vision-lite-cleaning,Final,Core,,door glass cleaning,1,"Doors are touched by every inspector; labels, overspray and fingerprints are classic punch items.","Manufacturer-compatible cleaners protect factory finishes, fire labels and hardware coatings.",,,,
BK-060106,"Doors, Hardware, Millwork & Casework",Doors and frames,Overhead coil and roll-up door cleaning,overhead-coil-and-roll-up-door-cleaning,Final,Core,,roll-up door cleaning,1,"Doors are touched by every inspector; labels, overspray and fingerprints are classic punch items.","Manufacturer-compatible cleaners protect factory finishes, fire labels and hardware coatings.",,,,
BK-060107,"Doors, Hardware, Millwork & Casework",Doors and frames,Sectional and dock door cleaning,sectional-and-dock-door-cleaning,Final,Core,,dock door cleaning,1,"Doors are touched by every inspector; labels, overspray and fingerprints are classic punch items.","Manufacturer-compatible cleaners protect factory finishes, fire labels and hardware coatings.",,,,Dock area
BK-060108,"Doors, Hardware, Millwork & Casework",Doors and frames,Revolving door cleaning,revolving-door-cleaning,Final,Adjacent specialist,,revolving door detailing,1,"Doors are touched by every inspector; labels, overspray and fingerprints are classic punch items.","Manufacturer-compatible cleaners protect factory finishes, fire labels and hardware coatings.",,,,
BK-060109,"Doors, Hardware, Millwork & Casework",Doors and frames,Automatic sliding door track cleaning,automatic-sliding-door-track-cleaning,Final,Core,,auto door track cleaning,1,"Doors are touched by every inspector; labels, overspray and fingerprints are classic punch items.","Manufacturer-compatible cleaners protect factory finishes, fire labels and hardware coatings.",,,,
BK-060110,"Doors, Hardware, Millwork & Casework",Doors and frames,Fire door label-safe cleaning,fire-door-label-safe-cleaning,Final,Core,,fire door cleaning,1,"Doors are touched by every inspector; labels, overspray and fingerprints are classic punch items.","Manufacturer-compatible cleaners protect factory finishes, fire labels and hardware coatings.",,,,
BK-060111,"Doors, Hardware, Millwork & Casework",Doors and frames,Door threshold and sweep cleaning,door-threshold-and-sweep-cleaning,Final,Core,,threshold cleaning,1,"Doors are touched by every inspector; labels, overspray and fingerprints are classic punch items.","Manufacturer-compatible cleaners protect factory finishes, fire labels and hardware coatings.",,,,
BK-060201,"Doors, Hardware, Millwork & Casework","Millwork, casework and counters",Cabinet interior and exterior detailing,cabinet-interior-and-exterior-detailing,Final,Core,,cabinet cleaning; casework cleaning,2,"New cabinetry ships with dust, film and adhesive; drawers and shelves are opened at every owner walk.",Wood-safe and laminate-safe cleaners preserve finishes; no ammonia or abrasive pads on new surfaces.,,,,
BK-060202,"Doors, Hardware, Millwork & Casework","Millwork, casework and counters",Drawer interior vacuum and wipe,drawer-interior-vacuum-and-wipe,Final,Core,,drawer cleaning,1,"New cabinetry ships with dust, film and adhesive; drawers and shelves are opened at every owner walk.",Wood-safe and laminate-safe cleaners preserve finishes; no ammonia or abrasive pads on new surfaces.,,,,
BK-060203,"Doors, Hardware, Millwork & Casework","Millwork, casework and counters",Countertop cleaning by material,countertop-cleaning-by-material,Final,Core,,counter cleaning,1,"New cabinetry ships with dust, film and adhesive; drawers and shelves are opened at every owner walk.",Wood-safe and laminate-safe cleaners preserve finishes; no ammonia or abrasive pads on new surfaces.,,,,
BK-060204,"Doors, Hardware, Millwork & Casework","Millwork, casework and counters",Quartz and solid surface countertop cleaning,quartz-and-solid-surface-countertop-cleaning,Final,Core,,quartz counter cleaning,1,"New cabinetry ships with dust, film and adhesive; drawers and shelves are opened at every owner walk.",Wood-safe and laminate-safe cleaners preserve finishes; no ammonia or abrasive pads on new surfaces.,,,,
BK-060205,"Doors, Hardware, Millwork & Casework","Millwork, casework and counters",Natural stone countertop cleaning,natural-stone-countertop-cleaning,Final,Adjacent specialist,,granite counter cleaning,1,"New cabinetry ships with dust, film and adhesive; drawers and shelves are opened at every owner walk.",Wood-safe and laminate-safe cleaners preserve finishes; no ammonia or abrasive pads on new surfaces.,,,Natural stone,
BK-060206,"Doors, Hardware, Millwork & Casework","Millwork, casework and counters",Laminate countertop cleaning,laminate-countertop-cleaning,Final,Core,,plastic laminate cleaning,1,"New cabinetry ships with dust, film and adhesive; drawers and shelves are opened at every owner walk.",Wood-safe and laminate-safe cleaners preserve finishes; no ammonia or abrasive pads on new surfaces.,,,,
BK-060207,"Doors, Hardware, Millwork & Casework","Millwork, casework and counters",Reception and service desk detailing,reception-and-service-desk-detailing,Final,Core,,front desk cleaning,1,"New cabinetry ships with dust, film and adhesive; drawers and shelves are opened at every owner walk.",Wood-safe and laminate-safe cleaners preserve finishes; no ammonia or abrasive pads on new surfaces.,,,,
BK-060208,"Doors, Hardware, Millwork & Casework","Millwork, casework and counters",Shelving and adjustable shelf cleaning,shelving-and-adjustable-shelf-cleaning,Final,Core,,shelf cleaning,1,"New cabinetry ships with dust, film and adhesive; drawers and shelves are opened at every owner walk.",Wood-safe and laminate-safe cleaners preserve finishes; no ammonia or abrasive pads on new surfaces.,,,,
BK-060209,"Doors, Hardware, Millwork & Casework","Millwork, casework and counters",Closet rod and shelf cleaning,closet-rod-and-shelf-cleaning,Final,Core,,closet cleaning,1,"New cabinetry ships with dust, film and adhesive; drawers and shelves are opened at every owner walk.",Wood-safe and laminate-safe cleaners preserve finishes; no ammonia or abrasive pads on new surfaces.,,,,
BK-060210,"Doors, Hardware, Millwork & Casework","Millwork, casework and counters","Trim, casing and crown molding cleaning",trim-casing-and-crown-molding-cleaning,Final,Core,,trim cleaning,1,"New cabinetry ships with dust, film and adhesive; drawers and shelves are opened at every owner walk.",Wood-safe and laminate-safe cleaners preserve finishes; no ammonia or abrasive pads on new surfaces.,,,,
BK-060211,"Doors, Hardware, Millwork & Casework","Millwork, casework and counters",Baseboard and wall base cleaning,baseboard-and-wall-base-cleaning,Final,Core,,baseboard cleaning; cove base cleaning,2,"New cabinetry ships with dust, film and adhesive; drawers and shelves are opened at every owner walk.",Wood-safe and laminate-safe cleaners preserve finishes; no ammonia or abrasive pads on new surfaces.,,,,
BK-060212,"Doors, Hardware, Millwork & Casework","Millwork, casework and counters",Wood paneling and wainscot cleaning,wood-paneling-and-wainscot-cleaning,Final,Core,,wainscot cleaning,1,"New cabinetry ships with dust, film and adhesive; drawers and shelves are opened at every owner walk.",Wood-safe and laminate-safe cleaners preserve finishes; no ammonia or abrasive pads on new surfaces.,,,,
BK-060213,"Doors, Hardware, Millwork & Casework","Millwork, casework and counters",Handrail and guardrail cleaning,handrail-and-guardrail-cleaning,Final,Core,,railing cleaning,1,"New cabinetry ships with dust, film and adhesive; drawers and shelves are opened at every owner walk.",Wood-safe and laminate-safe cleaners preserve finishes; no ammonia or abrasive pads on new surfaces.,,,,
BK-060214,"Doors, Hardware, Millwork & Casework","Millwork, casework and counters",Built-in bench and banquette cleaning,built-in-bench-and-banquette-cleaning,Final,Core,,banquette cleaning,1,"New cabinetry ships with dust, film and adhesive; drawers and shelves are opened at every owner walk.",Wood-safe and laminate-safe cleaners preserve finishes; no ammonia or abrasive pads on new surfaces.,,,,
BK-060215,"Doors, Hardware, Millwork & Casework","Millwork, casework and counters",Locker interior and exterior cleaning,locker-interior-and-exterior-cleaning,Final,Core,,locker cleaning,1,"New cabinetry ships with dust, film and adhesive; drawers and shelves are opened at every owner walk.",Wood-safe and laminate-safe cleaners preserve finishes; no ammonia or abrasive pads on new surfaces.,,,,
BK-060216,"Doors, Hardware, Millwork & Casework","Millwork, casework and counters",Toilet partition and urinal screen cleaning,toilet-partition-and-urinal-screen-cleaning,Final,Core,,partition cleaning,1,"New cabinetry ships with dust, film and adhesive; drawers and shelves are opened at every owner walk.",Wood-safe and laminate-safe cleaners preserve finishes; no ammonia or abrasive pads on new surfaces.,,,,
BK-060217,"Doors, Hardware, Millwork & Casework","Millwork, casework and counters",Window treatment and blind dusting,window-treatment-and-blind-dusting,Final,Core,,blind cleaning,1,"New cabinetry ships with dust, film and adhesive; drawers and shelves are opened at every owner walk.",Wood-safe and laminate-safe cleaners preserve finishes; no ammonia or abrasive pads on new surfaces.,,,,
BK-060218,"Doors, Hardware, Millwork & Casework","Millwork, casework and counters",Window sill and stool cleaning,window-sill-and-stool-cleaning,Final,Core,,sill cleaning,1,"New cabinetry ships with dust, film and adhesive; drawers and shelves are opened at every owner walk.",Wood-safe and laminate-safe cleaners preserve finishes; no ammonia or abrasive pads on new surfaces.,,,,Window sills
BK-070101,"Glass, Windows & Glazing",Construction window cleaning,Interior window cleaning,interior-window-cleaning,Final,Core,,inside window washing,1,"New glass arrives with labels, paint, stucco and concrete splatter; improper scraping scratches tempered and coated glass and becomes a warranty fight.","Lubricated scraping only where appropriate, coating-safe cleaners, and pure-water rinsing reduce chemical use and protect low-E coatings.",,,,
BK-070102,"Glass, Windows & Glazing",Construction window cleaning,Exterior window cleaning,exterior-window-cleaning,Final,Core,,outside window washing,1,"New glass arrives with labels, paint, stucco and concrete splatter; improper scraping scratches tempered and coated glass and becomes a warranty fight.","Lubricated scraping only where appropriate, coating-safe cleaners, and pure-water rinsing reduce chemical use and protect low-E coatings.",,,,
BK-070103,"Glass, Windows & Glazing",Construction window cleaning,Storefront glass cleaning,storefront-glass-cleaning,Final,Core,,storefront window cleaning,1,"New glass arrives with labels, paint, stucco and concrete splatter; improper scraping scratches tempered and coated glass and becomes a warranty fight.","Lubricated scraping only where appropriate, coating-safe cleaners, and pure-water rinsing reduce chemical use and protect low-E coatings.",,,,
BK-070104,"Glass, Windows & Glazing",Construction window cleaning,Window label and sticker removal,window-label-and-sticker-removal,Final,Core,,glass sticker removal; NFRC label removal,2,"New glass arrives with labels, paint, stucco and concrete splatter; improper scraping scratches tempered and coated glass and becomes a warranty fight.","Lubricated scraping only where appropriate, coating-safe cleaners, and pure-water rinsing reduce chemical use and protect low-E coatings.",,,Labels and stickers,
BK-070105,"Glass, Windows & Glazing",Construction window cleaning,Construction debris removal from glass,construction-debris-removal-from-glass,Final,Core,,paint and stucco removal from glass,1,"New glass arrives with labels, paint, stucco and concrete splatter; improper scraping scratches tempered and coated glass and becomes a warranty fight.","Lubricated scraping only where appropriate, coating-safe cleaners, and pure-water rinsing reduce chemical use and protect low-E coatings.",,,,
BK-070106,"Glass, Windows & Glazing",Construction window cleaning,Concrete and mortar splatter removal from glass,concrete-and-mortar-splatter-removal-from-glass,Final,Adjacent specialist,,concrete on glass removal,1,"New glass arrives with labels, paint, stucco and concrete splatter; improper scraping scratches tempered and coated glass and becomes a warranty fight.","Lubricated scraping only where appropriate, coating-safe cleaners, and pure-water rinsing reduce chemical use and protect low-E coatings.",,,Concrete/mortar splatter,
BK-070107,"Glass, Windows & Glazing",Construction window cleaning,Window track and frame cleaning,window-track-and-frame-cleaning,Final,Core,,window track cleaning,1,"New glass arrives with labels, paint, stucco and concrete splatter; improper scraping scratches tempered and coated glass and becomes a warranty fight.","Lubricated scraping only where appropriate, coating-safe cleaners, and pure-water rinsing reduce chemical use and protect low-E coatings.",,,,Window sills
BK-070108,"Glass, Windows & Glazing",Construction window cleaning,Window screen cleaning and installation,window-screen-cleaning-and-installation,Final,Core,,screen cleaning,1,"New glass arrives with labels, paint, stucco and concrete splatter; improper scraping scratches tempered and coated glass and becomes a warranty fight.","Lubricated scraping only where appropriate, coating-safe cleaners, and pure-water rinsing reduce chemical use and protect low-E coatings.",,,,
BK-070109,"Glass, Windows & Glazing",Construction window cleaning,Glass partition and interior glazing cleaning,glass-partition-and-interior-glazing-cleaning,Final,Core,,glass partition cleaning,1,"New glass arrives with labels, paint, stucco and concrete splatter; improper scraping scratches tempered and coated glass and becomes a warranty fight.","Lubricated scraping only where appropriate, coating-safe cleaners, and pure-water rinsing reduce chemical use and protect low-E coatings.",,,,
BK-070110,"Glass, Windows & Glazing",Construction window cleaning,Glass railing and balustrade cleaning,glass-railing-and-balustrade-cleaning,Final,Core,,glass rail cleaning,1,"New glass arrives with labels, paint, stucco and concrete splatter; improper scraping scratches tempered and coated glass and becomes a warranty fight.","Lubricated scraping only where appropriate, coating-safe cleaners, and pure-water rinsing reduce chemical use and protect low-E coatings.",,,,
BK-070111,"Glass, Windows & Glazing",Construction window cleaning,Shower glass and enclosure cleaning,shower-glass-and-enclosure-cleaning,Final,Core,,shower door cleaning,1,"New glass arrives with labels, paint, stucco and concrete splatter; improper scraping scratches tempered and coated glass and becomes a warranty fight.","Lubricated scraping only where appropriate, coating-safe cleaners, and pure-water rinsing reduce chemical use and protect low-E coatings.",,,,
BK-070112,"Glass, Windows & Glazing",Construction window cleaning,Mirror cleaning and edge detailing,mirror-cleaning-and-edge-detailing,Final,Core,,mirror cleaning,1,"New glass arrives with labels, paint, stucco and concrete splatter; improper scraping scratches tempered and coated glass and becomes a warranty fight.","Lubricated scraping only where appropriate, coating-safe cleaners, and pure-water rinsing reduce chemical use and protect low-E coatings.",,,,
BK-070113,"Glass, Windows & Glazing",Construction window cleaning,Display case and showcase glass cleaning,display-case-and-showcase-glass-cleaning,Final,Core,,showcase cleaning,1,"New glass arrives with labels, paint, stucco and concrete splatter; improper scraping scratches tempered and coated glass and becomes a warranty fight.","Lubricated scraping only where appropriate, coating-safe cleaners, and pure-water rinsing reduce chemical use and protect low-E coatings.",,,,
BK-070114,"Glass, Windows & Glazing",Construction window cleaning,Skylight cleaning,skylight-cleaning,Final,Adjacent specialist,,skylight washing,1,"New glass arrives with labels, paint, stucco and concrete splatter; improper scraping scratches tempered and coated glass and becomes a warranty fight.","Lubricated scraping only where appropriate, coating-safe cleaners, and pure-water rinsing reduce chemical use and protect low-E coatings.",,,,Skylights
BK-070115,"Glass, Windows & Glazing",Construction window cleaning,Curtain wall cleaning,curtain-wall-cleaning,Final,Conditional / regulated,,curtain wall washing,1,"New glass arrives with labels, paint, stucco and concrete splatter; improper scraping scratches tempered and coated glass and becomes a warranty fight.","Lubricated scraping only where appropriate, coating-safe cleaners, and pure-water rinsing reduce chemical use and protect low-E coatings.",,,,
BK-070116,"Glass, Windows & Glazing",Construction window cleaning,High-rise exterior glass cleaning,high-rise-exterior-glass-cleaning,Final,Conditional / regulated,,rope access window cleaning; swing stage window cleaning,2,"New glass arrives with labels, paint, stucco and concrete splatter; improper scraping scratches tempered and coated glass and becomes a warranty fight.","Lubricated scraping only where appropriate, coating-safe cleaners, and pure-water rinsing reduce chemical use and protect low-E coatings.",,,,
BK-070117,"Glass, Windows & Glazing",Construction window cleaning,Hard water stain removal from glass,hard-water-stain-removal-from-glass,Any stage / specialty,Adjacent specialist,,mineral deposit removal; glass restoration,2,"New glass arrives with labels, paint, stucco and concrete splatter; improper scraping scratches tempered and coated glass and becomes a warranty fight.","Lubricated scraping only where appropriate, coating-safe cleaners, and pure-water rinsing reduce chemical use and protect low-E coatings.",,,Mineral deposits,
BK-070118,"Glass, Windows & Glazing",Construction window cleaning,Glass scratch assessment and documentation,glass-scratch-assessment-and-documentation,Any stage / specialty,Adjacent specialist,,scratch survey,1,"New glass arrives with labels, paint, stucco and concrete splatter; improper scraping scratches tempered and coated glass and becomes a warranty fight.","Lubricated scraping only where appropriate, coating-safe cleaners, and pure-water rinsing reduce chemical use and protect low-E coatings.",,,,
BK-070119,"Glass, Windows & Glazing",Construction window cleaning,Glass protective film removal,glass-protective-film-removal,Final,Core,,glass film removal,1,"New glass arrives with labels, paint, stucco and concrete splatter; improper scraping scratches tempered and coated glass and becomes a warranty fight.","Lubricated scraping only where appropriate, coating-safe cleaners, and pure-water rinsing reduce chemical use and protect low-E coatings.",,,Protective film,
BK-070120,"Glass, Windows & Glazing",Construction window cleaning,Pure-water fed-pole window cleaning,pure-water-fed-pole-window-cleaning,Any stage / specialty,Core,,water fed pole cleaning,1,"New glass arrives with labels, paint, stucco and concrete splatter; improper scraping scratches tempered and coated glass and becomes a warranty fight.","Lubricated scraping only where appropriate, coating-safe cleaners, and pure-water rinsing reduce chemical use and protect low-E coatings.",,,,
BK-080101,Hard Floors,Concrete floors,Concrete floor auto-scrubbing,concrete-floor-auto-scrubbing,Final,Core,,slab scrubbing; machine scrub,2,"New slabs carry mud, sealer haze, tire marks and curing residue; floor appearance drives the owner's first impression.",Auto-scrubbing with neutral or low-alkaline solutions and controlled water recovery avoids acid etching and runoff.,,,,
BK-080102,Hard Floors,Concrete floors,Warehouse floor scrubbing,warehouse-floor-scrubbing,Final,Core,,warehouse floor cleaning,1,"New slabs carry mud, sealer haze, tire marks and curing residue; floor appearance drives the owner's first impression.",Auto-scrubbing with neutral or low-alkaline solutions and controlled water recovery avoids acid etching and runoff.,,,,
BK-080103,Hard Floors,Concrete floors,Sealed concrete floor cleaning,sealed-concrete-floor-cleaning,Final,Core,,sealed slab cleaning,1,"New slabs carry mud, sealer haze, tire marks and curing residue; floor appearance drives the owner's first impression.",Auto-scrubbing with neutral or low-alkaline solutions and controlled water recovery avoids acid etching and runoff.,,,,
BK-080104,Hard Floors,Concrete floors,Polished concrete maintenance clean,polished-concrete-maintenance-clean,Final,Core,,polished concrete cleaning,1,"New slabs carry mud, sealer haze, tire marks and curing residue; floor appearance drives the owner's first impression.",Auto-scrubbing with neutral or low-alkaline solutions and controlled water recovery avoids acid etching and runoff.,,,,
BK-080105,Hard Floors,Concrete floors,Concrete polishing,concrete-polishing,Any stage / specialty,Conditional / regulated,,concrete grinding and polishing,1,"New slabs carry mud, sealer haze, tire marks and curing residue; floor appearance drives the owner's first impression.",Auto-scrubbing with neutral or low-alkaline solutions and controlled water recovery avoids acid etching and runoff.,,,,
BK-080106,Hard Floors,Concrete floors,Concrete grinding preparation,concrete-grinding-preparation,Any stage / specialty,Conditional / regulated,,slab grinding,1,"New slabs carry mud, sealer haze, tire marks and curing residue; floor appearance drives the owner's first impression.",Auto-scrubbing with neutral or low-alkaline solutions and controlled water recovery avoids acid etching and runoff.,,,,
BK-080107,Hard Floors,Concrete floors,Curing compound residue removal,curing-compound-residue-removal,Final,Adjacent specialist,,cure and seal residue removal,1,"New slabs carry mud, sealer haze, tire marks and curing residue; floor appearance drives the owner's first impression.",Auto-scrubbing with neutral or low-alkaline solutions and controlled water recovery avoids acid etching and runoff.,,,,
BK-080108,Hard Floors,Concrete floors,Tire mark and forklift mark removal,tire-mark-and-forklift-mark-removal,Final,Core,,tire mark removal,1,"New slabs carry mud, sealer haze, tire marks and curing residue; floor appearance drives the owner's first impression.",Auto-scrubbing with neutral or low-alkaline solutions and controlled water recovery avoids acid etching and runoff.,,,,
BK-080109,Hard Floors,Concrete floors,Concrete stain and oil spot treatment,concrete-stain-and-oil-spot-treatment,Final,Core,,oil stain removal,1,"New slabs carry mud, sealer haze, tire marks and curing residue; floor appearance drives the owner's first impression.",Auto-scrubbing with neutral or low-alkaline solutions and controlled water recovery avoids acid etching and runoff.,,,,
BK-080110,Hard Floors,Concrete floors,Concrete efflorescence removal,concrete-efflorescence-removal,Any stage / specialty,Adjacent specialist,,efflorescence cleaning; white haze removal,2,"New slabs carry mud, sealer haze, tire marks and curing residue; floor appearance drives the owner's first impression.",Auto-scrubbing with neutral or low-alkaline solutions and controlled water recovery avoids acid etching and runoff.,,,Efflorescence,
BK-080111,Hard Floors,Concrete floors,Rust stain removal from concrete,rust-stain-removal-from-concrete,Any stage / specialty,Adjacent specialist,,rust spot removal,1,"New slabs carry mud, sealer haze, tire marks and curing residue; floor appearance drives the owner's first impression.",Auto-scrubbing with neutral or low-alkaline solutions and controlled water recovery avoids acid etching and runoff.,,,Rust stains,
BK-080112,Hard Floors,Concrete floors,Paint and coating drip removal from concrete,paint-and-coating-drip-removal-from-concrete,Final,Core,,paint drip removal,1,"New slabs carry mud, sealer haze, tire marks and curing residue; floor appearance drives the owner's first impression.",Auto-scrubbing with neutral or low-alkaline solutions and controlled water recovery avoids acid etching and runoff.,,,Paint residue,
BK-080113,Hard Floors,Concrete floors,Joint and crack debris vacuuming,joint-and-crack-debris-vacuuming,Final,Core,,control joint cleanout,1,"New slabs carry mud, sealer haze, tire marks and curing residue; floor appearance drives the owner's first impression.",Auto-scrubbing with neutral or low-alkaline solutions and controlled water recovery avoids acid etching and runoff.,,,,
BK-080114,Hard Floors,Concrete floors,Densifier and guard application support,densifier-and-guard-application-support,Any stage / specialty,Adjacent specialist,,densifier application,1,"New slabs carry mud, sealer haze, tire marks and curing residue; floor appearance drives the owner's first impression.",Auto-scrubbing with neutral or low-alkaline solutions and controlled water recovery avoids acid etching and runoff.,,,,
BK-080115,Hard Floors,Concrete floors,Epoxy floor preparation cleaning,epoxy-floor-preparation-cleaning,Any stage / specialty,Adjacent specialist,,epoxy prep clean,1,"New slabs carry mud, sealer haze, tire marks and curing residue; floor appearance drives the owner's first impression.",Auto-scrubbing with neutral or low-alkaline solutions and controlled water recovery avoids acid etching and runoff.,,,,
BK-080116,Hard Floors,Concrete floors,Epoxy and resinous floor cleaning,epoxy-and-resinous-floor-cleaning,Final,Core,,epoxy floor cleaning,1,"New slabs carry mud, sealer haze, tire marks and curing residue; floor appearance drives the owner's first impression.",Auto-scrubbing with neutral or low-alkaline solutions and controlled water recovery avoids acid etching and runoff.,,,,
BK-080117,Hard Floors,Concrete floors,Parking garage floor scrubbing,parking-garage-floor-scrubbing,Final,Core,,garage floor cleaning,1,"New slabs carry mud, sealer haze, tire marks and curing residue; floor appearance drives the owner's first impression.",Auto-scrubbing with neutral or low-alkaline solutions and controlled water recovery avoids acid etching and runoff.,,,,
BK-080201,Hard Floors,"Resilient floors (VCT, LVT, sheet vinyl, rubber)",VCT initial floor finish,vct-initial-floor-finish,Final,Core,,VCT initial wax; new VCT finishing,2,Resilient floors need correct initial care; the wrong chemical voids manufacturer warranties.,"Manufacturer-approved, low-VOC finishes and neutral cleaners match the warranty and reduce off-gassing.",,,,
BK-080202,Hard Floors,"Resilient floors (VCT, LVT, sheet vinyl, rubber)",VCT strip and refinish,vct-strip-and-refinish,Any stage / specialty,Core,,VCT stripping and waxing,1,Resilient floors need correct initial care; the wrong chemical voids manufacturer warranties.,"Manufacturer-approved, low-VOC finishes and neutral cleaners match the warranty and reduce off-gassing.",,,,
BK-080203,Hard Floors,"Resilient floors (VCT, LVT, sheet vinyl, rubber)",VCT scrub and recoat,vct-scrub-and-recoat,Recurring maintenance,Core,,scrub and recoat,1,Resilient floors need correct initial care; the wrong chemical voids manufacturer warranties.,"Manufacturer-approved, low-VOC finishes and neutral cleaners match the warranty and reduce off-gassing.",,,,
BK-080204,Hard Floors,"Resilient floors (VCT, LVT, sheet vinyl, rubber)",LVT and LVP manufacturer-approved cleaning,lvt-and-lvp-manufacturer-approved-cleaning,Final,Core,,luxury vinyl cleaning,1,Resilient floors need correct initial care; the wrong chemical voids manufacturer warranties.,"Manufacturer-approved, low-VOC finishes and neutral cleaners match the warranty and reduce off-gassing.",,,,
BK-080205,Hard Floors,"Resilient floors (VCT, LVT, sheet vinyl, rubber)",Sheet vinyl initial clean,sheet-vinyl-initial-clean,Final,Core,,sheet vinyl cleaning,1,Resilient floors need correct initial care; the wrong chemical voids manufacturer warranties.,"Manufacturer-approved, low-VOC finishes and neutral cleaners match the warranty and reduce off-gassing.",,,,
BK-080206,Hard Floors,"Resilient floors (VCT, LVT, sheet vinyl, rubber)",Rubber floor initial cleaning,rubber-floor-initial-cleaning,Final,Core,,rubber flooring cleaning,1,Resilient floors need correct initial care; the wrong chemical voids manufacturer warranties.,"Manufacturer-approved, low-VOC finishes and neutral cleaners match the warranty and reduce off-gassing.",,,,
BK-080207,Hard Floors,"Resilient floors (VCT, LVT, sheet vinyl, rubber)",Sports and gym floor rubber cleaning,sports-and-gym-floor-rubber-cleaning,Final,Adjacent specialist,,athletic rubber floor cleaning,1,Resilient floors need correct initial care; the wrong chemical voids manufacturer warranties.,"Manufacturer-approved, low-VOC finishes and neutral cleaners match the warranty and reduce off-gassing.",,,,
BK-080208,Hard Floors,"Resilient floors (VCT, LVT, sheet vinyl, rubber)",Linoleum and marmoleum initial care,linoleum-and-marmoleum-initial-care,Final,Adjacent specialist,,linoleum cleaning,1,Resilient floors need correct initial care; the wrong chemical voids manufacturer warranties.,"Manufacturer-approved, low-VOC finishes and neutral cleaners match the warranty and reduce off-gassing.",,,,
BK-080209,Hard Floors,"Resilient floors (VCT, LVT, sheet vinyl, rubber)",Static-dissipative floor cleaning,static-dissipative-floor-cleaning,Final,Adjacent specialist,,ESD floor cleaning,1,Resilient floors need correct initial care; the wrong chemical voids manufacturer warranties.,"Manufacturer-approved, low-VOC finishes and neutral cleaners match the warranty and reduce off-gassing.",,,,
BK-080210,Hard Floors,"Resilient floors (VCT, LVT, sheet vinyl, rubber)",Adhesive residue removal from resilient floors,adhesive-residue-removal-from-resilient-floors,Final,Core,,floor adhesive removal,1,Resilient floors need correct initial care; the wrong chemical voids manufacturer warranties.,"Manufacturer-approved, low-VOC finishes and neutral cleaners match the warranty and reduce off-gassing.",,,Adhesive residue,
BK-080211,Hard Floors,"Resilient floors (VCT, LVT, sheet vinyl, rubber)",Scuff and heel mark removal,scuff-and-heel-mark-removal,Final,Core,,scuff removal,1,Resilient floors need correct initial care; the wrong chemical voids manufacturer warranties.,"Manufacturer-approved, low-VOC finishes and neutral cleaners match the warranty and reduce off-gassing.",BK-050101,,,
BK-080212,Hard Floors,"Resilient floors (VCT, LVT, sheet vinyl, rubber)",Burnishing,burnishing,Recurring maintenance,Core,,floor burnishing; high speed buffing,2,Resilient floors need correct initial care; the wrong chemical voids manufacturer warranties.,"Manufacturer-approved, low-VOC finishes and neutral cleaners match the warranty and reduce off-gassing.",,,,
BK-080301,Hard Floors,"Tile, stone and terrazzo",Ceramic and porcelain tile initial clean,ceramic-and-porcelain-tile-initial-clean,Final,Core,,tile floor cleaning,1,Grout haze and setting-material film dull new tile and stone and are hard to remove once cured.,Grout-haze removers matched to the stone type — non-acidic on calcareous stone — avoid etching and re-work.,,,,
BK-080302,Hard Floors,"Tile, stone and terrazzo",Grout haze removal,grout-haze-removal,Final,Core,,grout film removal; tile haze removal,2,Grout haze and setting-material film dull new tile and stone and are hard to remove once cured.,Grout-haze removers matched to the stone type — non-acidic on calcareous stone — avoid etching and re-work.,,,,
BK-080303,Hard Floors,"Tile, stone and terrazzo",Grout line deep cleaning,grout-line-deep-cleaning,Any stage / specialty,Core,,grout cleaning,1,Grout haze and setting-material film dull new tile and stone and are hard to remove once cured.,Grout-haze removers matched to the stone type — non-acidic on calcareous stone — avoid etching and re-work.,,,,
BK-080304,Hard Floors,"Tile, stone and terrazzo",Grout sealing,grout-sealing,Any stage / specialty,Adjacent specialist,,grout sealer application,1,Grout haze and setting-material film dull new tile and stone and are hard to remove once cured.,Grout-haze removers matched to the stone type — non-acidic on calcareous stone — avoid etching and re-work.,,,,
BK-080305,Hard Floors,"Tile, stone and terrazzo",Quarry tile cleaning,quarry-tile-cleaning,Final,Core,,quarry tile degreasing,1,Grout haze and setting-material film dull new tile and stone and are hard to remove once cured.,Grout-haze removers matched to the stone type — non-acidic on calcareous stone — avoid etching and re-work.,,,,
BK-080306,Hard Floors,"Tile, stone and terrazzo",Natural stone floor initial clean,natural-stone-floor-initial-clean,Final,Adjacent specialist,,marble floor cleaning; stone floor cleaning,2,Grout haze and setting-material film dull new tile and stone and are hard to remove once cured.,Grout-haze removers matched to the stone type — non-acidic on calcareous stone — avoid etching and re-work.,,,Natural stone,
BK-080307,Hard Floors,"Tile, stone and terrazzo",Stone polishing and honing,stone-polishing-and-honing,Any stage / specialty,Conditional / regulated,,marble polishing; stone restoration,2,Grout haze and setting-material film dull new tile and stone and are hard to remove once cured.,Grout-haze removers matched to the stone type — non-acidic on calcareous stone — avoid etching and re-work.,,,,
BK-080308,Hard Floors,"Tile, stone and terrazzo",Terrazzo initial clean,terrazzo-initial-clean,Final,Adjacent specialist,,terrazzo cleaning,1,Grout haze and setting-material film dull new tile and stone and are hard to remove once cured.,Grout-haze removers matched to the stone type — non-acidic on calcareous stone — avoid etching and re-work.,,,,
BK-080309,Hard Floors,"Tile, stone and terrazzo",Terrazzo polishing,terrazzo-polishing,Any stage / specialty,Conditional / regulated,,terrazzo restoration,1,Grout haze and setting-material film dull new tile and stone and are hard to remove once cured.,Grout-haze removers matched to the stone type — non-acidic on calcareous stone — avoid etching and re-work.,,,,
BK-080310,Hard Floors,"Tile, stone and terrazzo",Mosaic and specialty tile detailing,mosaic-and-specialty-tile-detailing,Final,Adjacent specialist,,mosaic cleaning,1,Grout haze and setting-material film dull new tile and stone and are hard to remove once cured.,Grout-haze removers matched to the stone type — non-acidic on calcareous stone — avoid etching and re-work.,,,,
BK-080311,Hard Floors,"Tile, stone and terrazzo",Thinset and mortar splatter removal,thinset-and-mortar-splatter-removal,Final,Core,,mortar removal from tile,1,Grout haze and setting-material film dull new tile and stone and are hard to remove once cured.,Grout-haze removers matched to the stone type — non-acidic on calcareous stone — avoid etching and re-work.,,,Concrete/mortar splatter,
BK-080401,Hard Floors,Wood and specialty floors,Hardwood floor initial clean,hardwood-floor-initial-clean,Final,Core,,wood floor cleaning,1,"Wood floors are finish-sensitive; water and wrong chemistry cause cupping, hazing and warranty claims.","Low-moisture, wood-safe cleaners and microfiber methods protect new finishes.",,,,
BK-080402,Hard Floors,Wood and specialty floors,Engineered wood floor cleaning,engineered-wood-floor-cleaning,Final,Core,,engineered floor cleaning,1,"Wood floors are finish-sensitive; water and wrong chemistry cause cupping, hazing and warranty claims.","Low-moisture, wood-safe cleaners and microfiber methods protect new finishes.",,,,
BK-080403,Hard Floors,Wood and specialty floors,Gym and athletic hardwood floor cleaning,gym-and-athletic-hardwood-floor-cleaning,Final,Adjacent specialist,,gym floor cleaning,1,"Wood floors are finish-sensitive; water and wrong chemistry cause cupping, hazing and warranty claims.","Low-moisture, wood-safe cleaners and microfiber methods protect new finishes.",,,,
BK-080404,Hard Floors,Wood and specialty floors,Bamboo and cork floor cleaning,bamboo-and-cork-floor-cleaning,Final,Adjacent specialist,,cork floor cleaning,1,"Wood floors are finish-sensitive; water and wrong chemistry cause cupping, hazing and warranty claims.","Low-moisture, wood-safe cleaners and microfiber methods protect new finishes.",,,,
BK-080405,Hard Floors,Wood and specialty floors,Raised access floor cleaning,raised-access-floor-cleaning,Final,Adjacent specialist,,raised floor cleaning; data center floor tile cleaning,2,"Wood floors are finish-sensitive; water and wrong chemistry cause cupping, hazing and warranty claims.","Low-moisture, wood-safe cleaners and microfiber methods protect new finishes.",,,,
BK-080406,Hard Floors,Wood and specialty floors,Entrance mat and grate cleaning,entrance-mat-and-grate-cleaning,Final,Core,,walk-off grate cleaning,1,"Wood floors are finish-sensitive; water and wrong chemistry cause cupping, hazing and warranty claims.","Low-moisture, wood-safe cleaners and microfiber methods protect new finishes.",,,,
BK-080407,Hard Floors,Wood and specialty floors,Stair tread and nosing cleaning,stair-tread-and-nosing-cleaning,Final,Core,,stair cleaning,1,"Wood floors are finish-sensitive; water and wrong chemistry cause cupping, hazing and warranty claims.","Low-moisture, wood-safe cleaners and microfiber methods protect new finishes.",,,,
BK-090101,Carpet & Soft Surfaces,Carpet and textiles,Construction carpet vacuuming,construction-carpet-vacuuming,Final,Core,,carpet vacuum,1,New carpet traps drywall dust and adhesive; poor extraction leaves wicking stains that reappear after turnover.,"Low-moisture extraction and neutral-pH rinse agents reduce drying time, residue and resoiling.",,,,Carpet
BK-090102,Carpet & Soft Surfaces,Carpet and textiles,Carpet extraction,carpet-extraction,Final,Core,,hot water extraction; carpet shampoo,2,New carpet traps drywall dust and adhesive; poor extraction leaves wicking stains that reappear after turnover.,"Low-moisture extraction and neutral-pH rinse agents reduce drying time, residue and resoiling.",,,,Carpet
BK-090103,Carpet & Soft Surfaces,Carpet and textiles,Carpet tile cleaning,carpet-tile-cleaning,Final,Core,,carpet tile vacuum and spot,1,New carpet traps drywall dust and adhesive; poor extraction leaves wicking stains that reappear after turnover.,"Low-moisture extraction and neutral-pH rinse agents reduce drying time, residue and resoiling.",,,,
BK-090104,Carpet & Soft Surfaces,Carpet and textiles,Carpet spot and stain treatment,carpet-spot-and-stain-treatment,Final,Core,,carpet spotting,1,New carpet traps drywall dust and adhesive; poor extraction leaves wicking stains that reappear after turnover.,"Low-moisture extraction and neutral-pH rinse agents reduce drying time, residue and resoiling.",,,,Carpet
BK-090105,Carpet & Soft Surfaces,Carpet and textiles,Drywall mud and paint removal from carpet,drywall-mud-and-paint-removal-from-carpet,Final,Core,,paint on carpet removal,1,New carpet traps drywall dust and adhesive; poor extraction leaves wicking stains that reappear after turnover.,"Low-moisture extraction and neutral-pH rinse agents reduce drying time, residue and resoiling.",,,Paint residue,
BK-090106,Carpet & Soft Surfaces,Carpet and textiles,Carpet seam and edge detailing,carpet-seam-and-edge-detailing,Final,Core,,carpet edge vacuum,1,New carpet traps drywall dust and adhesive; poor extraction leaves wicking stains that reappear after turnover.,"Low-moisture extraction and neutral-pH rinse agents reduce drying time, residue and resoiling.",,,,
BK-090107,Carpet & Soft Surfaces,Carpet and textiles,Upholstery and furniture vacuuming,upholstery-and-furniture-vacuuming,Occupancy / turnover,Core,,upholstery cleaning,1,New carpet traps drywall dust and adhesive; poor extraction leaves wicking stains that reappear after turnover.,"Low-moisture extraction and neutral-pH rinse agents reduce drying time, residue and resoiling.",,,,
BK-090108,Carpet & Soft Surfaces,Carpet and textiles,Upholstery extraction,upholstery-extraction,Occupancy / turnover,Adjacent specialist,,furniture shampoo,1,New carpet traps drywall dust and adhesive; poor extraction leaves wicking stains that reappear after turnover.,"Low-moisture extraction and neutral-pH rinse agents reduce drying time, residue and resoiling.",,,,
BK-090109,Carpet & Soft Surfaces,Carpet and textiles,Fabric panel and cubicle cleaning,fabric-panel-and-cubicle-cleaning,Occupancy / turnover,Core,,cubicle panel cleaning,1,New carpet traps drywall dust and adhesive; poor extraction leaves wicking stains that reappear after turnover.,"Low-moisture extraction and neutral-pH rinse agents reduce drying time, residue and resoiling.",,,,
BK-090110,Carpet & Soft Surfaces,Carpet and textiles,Entrance carpet and walk-off mat cleaning,entrance-carpet-and-walk-off-mat-cleaning,Final,Core,,walk-off mat cleaning,1,New carpet traps drywall dust and adhesive; poor extraction leaves wicking stains that reappear after turnover.,"Low-moisture extraction and neutral-pH rinse agents reduce drying time, residue and resoiling.",,BK-080406,,
BK-090111,Carpet & Soft Surfaces,Carpet and textiles,Auditorium and theater seating cleaning,auditorium-and-theater-seating-cleaning,Occupancy / turnover,Adjacent specialist,,theater seat cleaning,1,New carpet traps drywall dust and adhesive; poor extraction leaves wicking stains that reappear after turnover.,"Low-moisture extraction and neutral-pH rinse agents reduce drying time, residue and resoiling.",,,,
BK-100101,Restrooms & Plumbing Fixtures,Restroom detailing,Toilet and urinal detailing,toilet-and-urinal-detailing,Final,Core,,toilet cleaning; urinal cleaning,2,"Restrooms are inspected closely; caulk smears, sticker residue and grout haze are routine punch items.","Non-acidic descalers and neutral cleaners protect new chrome, solid surface and grout.",,,,
BK-100102,Restrooms & Plumbing Fixtures,Restroom detailing,Sink and faucet detailing,sink-and-faucet-detailing,Final,Core,,lavatory cleaning,1,"Restrooms are inspected closely; caulk smears, sticker residue and grout haze are routine punch items.","Non-acidic descalers and neutral cleaners protect new chrome, solid surface and grout.",,,,
BK-100103,Restrooms & Plumbing Fixtures,Restroom detailing,Restroom fixture sticker and label removal,restroom-fixture-sticker-and-label-removal,Final,Core,,fixture label removal,1,"Restrooms are inspected closely; caulk smears, sticker residue and grout haze are routine punch items.","Non-acidic descalers and neutral cleaners protect new chrome, solid surface and grout.",,,Labels and stickers,
BK-100104,Restrooms & Plumbing Fixtures,Restroom detailing,Caulk smear and silicone haze removal,caulk-smear-and-silicone-haze-removal,Final,Core,,caulk residue removal,1,"Restrooms are inspected closely; caulk smears, sticker residue and grout haze are routine punch items.","Non-acidic descalers and neutral cleaners protect new chrome, solid surface and grout.",,,,
BK-100105,Restrooms & Plumbing Fixtures,Restroom detailing,Shower and tub detailing,shower-and-tub-detailing,Final,Core,,shower cleaning,1,"Restrooms are inspected closely; caulk smears, sticker residue and grout haze are routine punch items.","Non-acidic descalers and neutral cleaners protect new chrome, solid surface and grout.",,,,
BK-100106,Restrooms & Plumbing Fixtures,Restroom detailing,Restroom accessory cleaning,restroom-accessory-cleaning,Final,Core,,dispenser cleaning; grab bar cleaning,2,"Restrooms are inspected closely; caulk smears, sticker residue and grout haze are routine punch items.","Non-acidic descalers and neutral cleaners protect new chrome, solid surface and grout.",,,,
BK-100107,Restrooms & Plumbing Fixtures,Restroom detailing,Hand dryer cleaning,hand-dryer-cleaning,Final,Core,,hand dryer detailing,1,"Restrooms are inspected closely; caulk smears, sticker residue and grout haze are routine punch items.","Non-acidic descalers and neutral cleaners protect new chrome, solid surface and grout.",,,,
BK-100108,Restrooms & Plumbing Fixtures,Restroom detailing,Floor drain and trap primer area cleaning,floor-drain-and-trap-primer-area-cleaning,Final,Core,,floor drain cleaning,1,"Restrooms are inspected closely; caulk smears, sticker residue and grout haze are routine punch items.","Non-acidic descalers and neutral cleaners protect new chrome, solid surface and grout.",,,,
BK-100109,Restrooms & Plumbing Fixtures,Restroom detailing,Restroom tile and grout detailing,restroom-tile-and-grout-detailing,Final,Core,,restroom grout cleaning,1,"Restrooms are inspected closely; caulk smears, sticker residue and grout haze are routine punch items.","Non-acidic descalers and neutral cleaners protect new chrome, solid surface and grout.",,,,
BK-100110,Restrooms & Plumbing Fixtures,Restroom detailing,Drinking fountain and bottle filler cleaning,drinking-fountain-and-bottle-filler-cleaning,Final,Core,,water fountain cleaning,1,"Restrooms are inspected closely; caulk smears, sticker residue and grout haze are routine punch items.","Non-acidic descalers and neutral cleaners protect new chrome, solid surface and grout.",,,,
BK-100111,Restrooms & Plumbing Fixtures,Restroom detailing,Mop sink and janitor closet cleaning,mop-sink-and-janitor-closet-cleaning,Final,Core,,janitor closet cleaning,1,"Restrooms are inspected closely; caulk smears, sticker residue and grout haze are routine punch items.","Non-acidic descalers and neutral cleaners protect new chrome, solid surface and grout.",,,,
BK-100112,Restrooms & Plumbing Fixtures,Restroom detailing,Eyewash and emergency shower station cleaning,eyewash-and-emergency-shower-station-cleaning,Final,Adjacent specialist,,eyewash cleaning,1,"Restrooms are inspected closely; caulk smears, sticker residue and grout haze are routine punch items.","Non-acidic descalers and neutral cleaners protect new chrome, solid surface and grout.",,,,
BK-100113,Restrooms & Plumbing Fixtures,Restroom detailing,Plumbing fixture first-flush and aerator debris check,plumbing-fixture-first-flush-and-aerator-debris-check,Final,Adjacent specialist,,aerator cleaning,1,"Restrooms are inspected closely; caulk smears, sticker residue and grout haze are routine punch items.","Non-acidic descalers and neutral cleaners protect new chrome, solid surface and grout.",,,,
BK-110101,"Kitchens, Food Facilities & FRP",Commercial kitchen turnover,Commercial kitchen post-construction clean,commercial-kitchen-post-construction-clean,Final,Core,,restaurant construction cleanup; kitchen turnover clean,2,Food facilities cannot open until surfaces pass health inspection; construction dust in a kitchen is a food-safety finding.,"Food-safe, residue-free cleaners and a separate sanitizing step done only with registered products used per label.",,,,
BK-110102,"Kitchens, Food Facilities & FRP",Commercial kitchen turnover,Stainless steel equipment exterior cleaning,stainless-steel-equipment-exterior-cleaning,Final,Core,,stainless cleaning; stainless polishing,2,Food facilities cannot open until surfaces pass health inspection; construction dust in a kitchen is a food-safety finding.,"Food-safe, residue-free cleaners and a separate sanitizing step done only with registered products used per label.",,,Stainless surfaces,
BK-110103,"Kitchens, Food Facilities & FRP",Commercial kitchen turnover,Stainless steel protective film removal,stainless-steel-protective-film-removal,Final,Core,,PVC film removal from stainless,1,Food facilities cannot open until surfaces pass health inspection; construction dust in a kitchen is a food-safety finding.,"Food-safe, residue-free cleaners and a separate sanitizing step done only with registered products used per label.",,,Protective film,
BK-110104,"Kitchens, Food Facilities & FRP",Commercial kitchen turnover,Kitchen hood exterior cleaning,kitchen-hood-exterior-cleaning,Final,Core,,hood exterior cleaning,1,Food facilities cannot open until surfaces pass health inspection; construction dust in a kitchen is a food-safety finding.,"Food-safe, residue-free cleaners and a separate sanitizing step done only with registered products used per label.",,,,Kitchen hoods
BK-110105,"Kitchens, Food Facilities & FRP",Commercial kitchen turnover,Kitchen exhaust hood and duct cleaning,kitchen-exhaust-hood-and-duct-cleaning,Any stage / specialty,Conditional / regulated,,hood cleaning; NFPA 96 hood cleaning; grease duct cleaning,3,Food facilities cannot open until surfaces pass health inspection; construction dust in a kitchen is a food-safety finding.,"Food-safe, residue-free cleaners and a separate sanitizing step done only with registered products used per label.",,,,Kitchen hoods
BK-110106,"Kitchens, Food Facilities & FRP",Commercial kitchen turnover,Walk-in cooler interior cleaning,walk-in-cooler-interior-cleaning,Final,Core,,walk-in cleaning,1,Food facilities cannot open until surfaces pass health inspection; construction dust in a kitchen is a food-safety finding.,"Food-safe, residue-free cleaners and a separate sanitizing step done only with registered products used per label.",,,,
BK-110107,"Kitchens, Food Facilities & FRP",Commercial kitchen turnover,Walk-in freezer interior cleaning,walk-in-freezer-interior-cleaning,Final,Core,,freezer box cleaning,1,Food facilities cannot open until surfaces pass health inspection; construction dust in a kitchen is a food-safety finding.,"Food-safe, residue-free cleaners and a separate sanitizing step done only with registered products used per label.",,,,
BK-110108,"Kitchens, Food Facilities & FRP",Commercial kitchen turnover,Reach-in refrigeration cleaning,reach-in-refrigeration-cleaning,Final,Core,,reach-in cleaning,1,Food facilities cannot open until surfaces pass health inspection; construction dust in a kitchen is a food-safety finding.,"Food-safe, residue-free cleaners and a separate sanitizing step done only with registered products used per label.",,BK-110302,,
BK-110109,"Kitchens, Food Facilities & FRP",Commercial kitchen turnover,Kitchen ceiling cleaning,kitchen-ceiling-cleaning,Final,Core,,kitchen ceiling degreasing,1,Food facilities cannot open until surfaces pass health inspection; construction dust in a kitchen is a food-safety finding.,"Food-safe, residue-free cleaners and a separate sanitizing step done only with registered products used per label.",,,,
BK-110110,"Kitchens, Food Facilities & FRP",Commercial kitchen turnover,Food-contact surface pre-opening cleaning,food-contact-surface-pre-opening-cleaning,Final,Core,,food contact surface cleaning,1,Food facilities cannot open until surfaces pass health inspection; construction dust in a kitchen is a food-safety finding.,"Food-safe, residue-free cleaners and a separate sanitizing step done only with registered products used per label.",,,,Kitchen sanitation
BK-110111,"Kitchens, Food Facilities & FRP",Commercial kitchen turnover,Food-contact surface sanitizing per label,food-contact-surface-sanitizing-per-label,Final,Adjacent specialist,,sanitizing food surfaces,1,Food facilities cannot open until surfaces pass health inspection; construction dust in a kitchen is a food-safety finding.,"Food-safe, residue-free cleaners and a separate sanitizing step done only with registered products used per label.",,,,Kitchen sanitation
BK-110112,"Kitchens, Food Facilities & FRP",Commercial kitchen turnover,Prep table and shelving cleaning,prep-table-and-shelving-cleaning,Final,Core,,prep table cleaning,1,Food facilities cannot open until surfaces pass health inspection; construction dust in a kitchen is a food-safety finding.,"Food-safe, residue-free cleaners and a separate sanitizing step done only with registered products used per label.",,,,
BK-110113,"Kitchens, Food Facilities & FRP",Commercial kitchen turnover,Dish area and dish machine exterior cleaning,dish-area-and-dish-machine-exterior-cleaning,Final,Core,,dishroom cleaning,1,Food facilities cannot open until surfaces pass health inspection; construction dust in a kitchen is a food-safety finding.,"Food-safe, residue-free cleaners and a separate sanitizing step done only with registered products used per label.",,,,
BK-110114,"Kitchens, Food Facilities & FRP",Commercial kitchen turnover,Grease trap area cleaning,grease-trap-area-cleaning,Any stage / specialty,Adjacent specialist,,grease interceptor area cleaning,1,Food facilities cannot open until surfaces pass health inspection; construction dust in a kitchen is a food-safety finding.,"Food-safe, residue-free cleaners and a separate sanitizing step done only with registered products used per label.",,,,
BK-110115,"Kitchens, Food Facilities & FRP",Commercial kitchen turnover,Bar and beverage station cleaning,bar-and-beverage-station-cleaning,Final,Core,,bar cleaning,1,Food facilities cannot open until surfaces pass health inspection; construction dust in a kitchen is a food-safety finding.,"Food-safe, residue-free cleaners and a separate sanitizing step done only with registered products used per label.",,,,
BK-110116,"Kitchens, Food Facilities & FRP",Commercial kitchen turnover,Ice machine exterior cleaning,ice-machine-exterior-cleaning,Final,Core,,ice machine cleaning,1,Food facilities cannot open until surfaces pass health inspection; construction dust in a kitchen is a food-safety finding.,"Food-safe, residue-free cleaners and a separate sanitizing step done only with registered products used per label.",,,,Ice machines
BK-110117,"Kitchens, Food Facilities & FRP",Commercial kitchen turnover,Ice machine interior cleaning and sanitizing,ice-machine-interior-cleaning-and-sanitizing,Final,Conditional / regulated,,ice machine sanitizing,1,Food facilities cannot open until surfaces pass health inspection; construction dust in a kitchen is a food-safety finding.,"Food-safe, residue-free cleaners and a separate sanitizing step done only with registered products used per label.",,,,Ice machines
BK-110118,"Kitchens, Food Facilities & FRP",Commercial kitchen turnover,Dry storage room cleaning,dry-storage-room-cleaning,Final,Core,,pantry cleaning,1,Food facilities cannot open until surfaces pass health inspection; construction dust in a kitchen is a food-safety finding.,"Food-safe, residue-free cleaners and a separate sanitizing step done only with registered products used per label.",,,,
BK-110119,"Kitchens, Food Facilities & FRP",Commercial kitchen turnover,Quarry tile kitchen floor degreasing,quarry-tile-kitchen-floor-degreasing,Final,Core,,kitchen floor degreasing,1,Food facilities cannot open until surfaces pass health inspection; construction dust in a kitchen is a food-safety finding.,"Food-safe, residue-free cleaners and a separate sanitizing step done only with registered products used per label.",,BK-080305,,
BK-110120,"Kitchens, Food Facilities & FRP",Commercial kitchen turnover,Kitchen floor drain and trench drain cleaning,kitchen-floor-drain-and-trench-drain-cleaning,Final,Core,,trench drain cleaning,1,Food facilities cannot open until surfaces pass health inspection; construction dust in a kitchen is a food-safety finding.,"Food-safe, residue-free cleaners and a separate sanitizing step done only with registered products used per label.",,,,
BK-110201,"Kitchens, Food Facilities & FRP",FRP and washable wall systems,FRP wall cleaning,frp-wall-cleaning,Final,Core,,FRP panel cleaning,1,"FRP collects dust and adhesive squeeze-out at seams; health inspectors look for cleanable, intact wall surfaces.","Non-abrasive, neutral cleaners prevent FRP surface fiber bloom that later traps soil.",,,,
BK-110202,"Kitchens, Food Facilities & FRP",FRP and washable wall systems,FRP wall degreasing,frp-wall-degreasing,Any stage / specialty,Core,,FRP degreasing,1,"FRP collects dust and adhesive squeeze-out at seams; health inspectors look for cleanable, intact wall surfaces.","Non-abrasive, neutral cleaners prevent FRP surface fiber bloom that later traps soil.",,,,
BK-110203,"Kitchens, Food Facilities & FRP",FRP and washable wall systems,FRP adhesive squeeze-out removal,frp-adhesive-squeeze-out-removal,Final,Core,,FRP glue removal,1,"FRP collects dust and adhesive squeeze-out at seams; health inspectors look for cleanable, intact wall surfaces.","Non-abrasive, neutral cleaners prevent FRP surface fiber bloom that later traps soil.",,,Adhesive residue,
BK-110204,"Kitchens, Food Facilities & FRP",FRP and washable wall systems,FRP trim and seam detailing,frp-trim-and-seam-detailing,Final,Core,,FRP joint cleaning,1,"FRP collects dust and adhesive squeeze-out at seams; health inspectors look for cleanable, intact wall surfaces.","Non-abrasive, neutral cleaners prevent FRP surface fiber bloom that later traps soil.",,,,
BK-110205,"Kitchens, Food Facilities & FRP",FRP and washable wall systems,Insulated metal panel wall cleaning,insulated-metal-panel-wall-cleaning,Final,Core,,cooler wall panel cleaning,1,"FRP collects dust and adhesive squeeze-out at seams; health inspectors look for cleanable, intact wall surfaces.","Non-abrasive, neutral cleaners prevent FRP surface fiber bloom that later traps soil.",,,,
BK-110301,"Kitchens, Food Facilities & FRP",Grocery and food retail,Grocery store post-construction cleaning,grocery-store-post-construction-cleaning,Final,Core,,supermarket construction cleaning,1,Grocery openings stack many trades into a short window; departments open on fixed dates with zero tolerance for dust.,Food-zone cleaning with residue-free products and HEPA capture overhead before merchandise is set.,,,,
BK-110302,"Kitchens, Food Facilities & FRP",Grocery and food retail,Refrigerated case detailing,refrigerated-case-detailing,Final,Core,,reach-in case cleaning; refrigerated display cleaning,2,Grocery openings stack many trades into a short window; departments open on fixed dates with zero tolerance for dust.,Food-zone cleaning with residue-free products and HEPA capture overhead before merchandise is set.,,,,
BK-110303,"Kitchens, Food Facilities & FRP",Grocery and food retail,Deli department finish cleaning,deli-department-finish-cleaning,Final,Core,,deli cleaning,1,Grocery openings stack many trades into a short window; departments open on fixed dates with zero tolerance for dust.,Food-zone cleaning with residue-free products and HEPA capture overhead before merchandise is set.,,,,
BK-110304,"Kitchens, Food Facilities & FRP",Grocery and food retail,Bakery department finish cleaning,bakery-department-finish-cleaning,Final,Core,,bakery cleaning,1,Grocery openings stack many trades into a short window; departments open on fixed dates with zero tolerance for dust.,Food-zone cleaning with residue-free products and HEPA capture overhead before merchandise is set.,,,,
BK-110305,"Kitchens, Food Facilities & FRP",Grocery and food retail,Meat and seafood department finish cleaning,meat-and-seafood-department-finish-cleaning,Final,Core,,meat room cleaning,1,Grocery openings stack many trades into a short window; departments open on fixed dates with zero tolerance for dust.,Food-zone cleaning with residue-free products and HEPA capture overhead before merchandise is set.,,,,
BK-110306,"Kitchens, Food Facilities & FRP",Grocery and food retail,Produce department finish cleaning,produce-department-finish-cleaning,Final,Core,,produce area cleaning,1,Grocery openings stack many trades into a short window; departments open on fixed dates with zero tolerance for dust.,Food-zone cleaning with residue-free products and HEPA capture overhead before merchandise is set.,,,,
BK-110307,"Kitchens, Food Facilities & FRP",Grocery and food retail,Checkstand and conveyor cleaning,checkstand-and-conveyor-cleaning,Final,Core,,checkout cleaning,1,Grocery openings stack many trades into a short window; departments open on fixed dates with zero tolerance for dust.,Food-zone cleaning with residue-free products and HEPA capture overhead before merchandise is set.,,,,
BK-110308,"Kitchens, Food Facilities & FRP",Grocery and food retail,Receiving and loading bay cleaning,receiving-and-loading-bay-cleaning,Final,Core,,back dock cleaning,1,Grocery openings stack many trades into a short window; departments open on fixed dates with zero tolerance for dust.,Food-zone cleaning with residue-free products and HEPA capture overhead before merchandise is set.,,,,Dock area
BK-110309,"Kitchens, Food Facilities & FRP",Grocery and food retail,Convenience store remodel cleanup,convenience-store-remodel-cleanup,Final,Core,,c-store cleaning,1,Grocery openings stack many trades into a short window; departments open on fixed dates with zero tolerance for dust.,Food-zone cleaning with residue-free products and HEPA capture overhead before merchandise is set.,,,,
BK-110310,"Kitchens, Food Facilities & FRP",Grocery and food retail,Food plant post-construction cleaning,food-plant-post-construction-cleaning,Final,Adjacent specialist,,food processing plant cleaning,1,Grocery openings stack many trades into a short window; departments open on fixed dates with zero tolerance for dust.,Food-zone cleaning with residue-free products and HEPA capture overhead before merchandise is set.,,,,
BK-120101,"Mechanical, Electrical & Construction IAQ",Mechanical and electrical rooms,Mechanical room cleaning,mechanical-room-cleaning,Final,Core,,boiler room cleaning; MER cleaning,2,Mechanical and electrical rooms are where dust damages new equipment; inspectors and commissioning agents flag dirty rooms.,Non-invasive HEPA and dry methods only on energized-area surfaces; no liquids near live gear.,,,,
BK-120102,"Mechanical, Electrical & Construction IAQ",Mechanical and electrical rooms,Electrical room non-invasive cleaning,electrical-room-non-invasive-cleaning,Final,Adjacent specialist,,electrical room cleaning,1,Mechanical and electrical rooms are where dust damages new equipment; inspectors and commissioning agents flag dirty rooms.,Non-invasive HEPA and dry methods only on energized-area surfaces; no liquids near live gear.,,,,
BK-120103,"Mechanical, Electrical & Construction IAQ",Mechanical and electrical rooms,Equipment exterior wipe-down,equipment-exterior-wipe-down,Final,Core,,equipment cleaning,1,Mechanical and electrical rooms are where dust damages new equipment; inspectors and commissioning agents flag dirty rooms.,Non-invasive HEPA and dry methods only on energized-area surfaces; no liquids near live gear.,,,Equipment exteriors,
BK-120104,"Mechanical, Electrical & Construction IAQ",Mechanical and electrical rooms,Air handler exterior cleaning,air-handler-exterior-cleaning,Final,Core,,AHU exterior cleaning,1,Mechanical and electrical rooms are where dust damages new equipment; inspectors and commissioning agents flag dirty rooms.,Non-invasive HEPA and dry methods only on energized-area surfaces; no liquids near live gear.,,,Equipment exteriors,
BK-120105,"Mechanical, Electrical & Construction IAQ",Mechanical and electrical rooms,Air handler interior cleaning,air-handler-interior-cleaning,Any stage / specialty,Conditional / regulated,,AHU coil and plenum cleaning,1,Mechanical and electrical rooms are where dust damages new equipment; inspectors and commissioning agents flag dirty rooms.,Non-invasive HEPA and dry methods only on energized-area surfaces; no liquids near live gear.,,,,
BK-120106,"Mechanical, Electrical & Construction IAQ",Mechanical and electrical rooms,HVAC duct interior cleaning,hvac-duct-interior-cleaning,Any stage / specialty,Conditional / regulated,,duct cleaning; NADCA duct cleaning,2,Mechanical and electrical rooms are where dust damages new equipment; inspectors and commissioning agents flag dirty rooms.,Non-invasive HEPA and dry methods only on energized-area surfaces; no liquids near live gear.,,,,
BK-120107,"Mechanical, Electrical & Construction IAQ",Mechanical and electrical rooms,Rooftop unit exterior and curb cleaning,rooftop-unit-exterior-and-curb-cleaning,Final,Adjacent specialist,,RTU cleaning,1,Mechanical and electrical rooms are where dust damages new equipment; inspectors and commissioning agents flag dirty rooms.,Non-invasive HEPA and dry methods only on energized-area surfaces; no liquids near live gear.,,,Equipment exteriors,
BK-120108,"Mechanical, Electrical & Construction IAQ",Mechanical and electrical rooms,Generator and switchgear exterior cleaning,generator-and-switchgear-exterior-cleaning,Final,Conditional / regulated,,switchgear dusting,1,Mechanical and electrical rooms are where dust damages new equipment; inspectors and commissioning agents flag dirty rooms.,Non-invasive HEPA and dry methods only on energized-area surfaces; no liquids near live gear.,,,,
BK-120109,"Mechanical, Electrical & Construction IAQ",Mechanical and electrical rooms,Fire pump and riser room cleaning,fire-pump-and-riser-room-cleaning,Final,Core,,riser room cleaning,1,Mechanical and electrical rooms are where dust damages new equipment; inspectors and commissioning agents flag dirty rooms.,Non-invasive HEPA and dry methods only on energized-area surfaces; no liquids near live gear.,,,,
BK-120110,"Mechanical, Electrical & Construction IAQ",Mechanical and electrical rooms,Telecom and IDF/MDF room cleaning,telecom-and-idf-mdf-room-cleaning,Final,Adjacent specialist,,IDF cleaning; telecom room cleaning,2,Mechanical and electrical rooms are where dust damages new equipment; inspectors and commissioning agents flag dirty rooms.,Non-invasive HEPA and dry methods only on energized-area surfaces; no liquids near live gear.,,,,
BK-120111,"Mechanical, Electrical & Construction IAQ",Mechanical and electrical rooms,Elevator machine room cleaning,elevator-machine-room-cleaning,Final,Adjacent specialist,,elevator machine room cleaning,1,Mechanical and electrical rooms are where dust damages new equipment; inspectors and commissioning agents flag dirty rooms.,Non-invasive HEPA and dry methods only on energized-area surfaces; no liquids near live gear.,,,,
BK-120112,"Mechanical, Electrical & Construction IAQ",Mechanical and electrical rooms,Chiller and boiler exterior cleaning,chiller-and-boiler-exterior-cleaning,Final,Adjacent specialist,,chiller cleaning,1,Mechanical and electrical rooms are where dust damages new equipment; inspectors and commissioning agents flag dirty rooms.,Non-invasive HEPA and dry methods only on energized-area surfaces; no liquids near live gear.,,,Equipment exteriors,
BK-120201,"Mechanical, Electrical & Construction IAQ",Construction indoor air quality support,Duct opening seal inspection and re-seal cleanup,duct-opening-seal-inspection-and-re-seal-cleanup,Progress,Adjacent specialist,,duct capping,1,Green-building and owner specs require HVAC protection and clean ductwork before occupancy; dust in ducts becomes an IAQ complaint.,This is the core of a green construction cleanup: keep dust out of the air system and document it.,,,,
BK-120202,"Mechanical, Electrical & Construction IAQ",Construction indoor air quality support,Return grille temporary filter media change,return-grille-temporary-filter-media-change,Progress,Adjacent specialist,,temporary filter change,1,Green-building and owner specs require HVAC protection and clean ductwork before occupancy; dust in ducts becomes an IAQ complaint.,This is the core of a green construction cleanup: keep dust out of the air system and document it.,,,,Construction IAQ
BK-120203,"Mechanical, Electrical & Construction IAQ",Construction indoor air quality support,Final HVAC filter replacement coordination,final-hvac-filter-replacement-coordination,Final,Adjacent specialist,,filter change before occupancy,1,Green-building and owner specs require HVAC protection and clean ductwork before occupancy; dust in ducts becomes an IAQ complaint.,This is the core of a green construction cleanup: keep dust out of the air system and document it.,,,,Construction IAQ
BK-120204,"Mechanical, Electrical & Construction IAQ",Construction indoor air quality support,Pre-flush-out final cleaning,pre-flush-out-final-cleaning,Final,Adjacent specialist,,flush-out prep clean,1,Green-building and owner specs require HVAC protection and clean ductwork before occupancy; dust in ducts becomes an IAQ complaint.,This is the core of a green construction cleanup: keep dust out of the air system and document it.,,,,Construction IAQ
BK-120205,"Mechanical, Electrical & Construction IAQ",Construction indoor air quality support,Construction IAQ photo documentation,construction-iaq-photo-documentation,Any stage / specialty,Adjacent specialist,,IAQ plan photos,1,Green-building and owner specs require HVAC protection and clean ductwork before occupancy; dust in ducts becomes an IAQ complaint.,This is the core of a green construction cleanup: keep dust out of the air system and document it.,,,,Construction IAQ
BK-120206,"Mechanical, Electrical & Construction IAQ",Construction indoor air quality support,Low-VOC product log for cleaning materials,low-voc-product-log-for-cleaning-materials,Any stage / specialty,Adjacent specialist,,cleaning product VOC log,1,Green-building and owner specs require HVAC protection and clean ductwork before occupancy; dust in ducts becomes an IAQ complaint.,This is the core of a green construction cleanup: keep dust out of the air system and document it.,,,,
BK-130101,Retail Fixtures & Store Opening,Store opening and fixture cleaning,Store opening clean,store-opening-clean,Final,Core,,grand opening cleaning; new store cleaning,2,Retail openings run on a fixed grand-opening date; merchandise cannot be set on dusty fixtures.,Fixture-safe cleaners and HEPA dusting before merchandise is set reduce re-cleaning.,,,,
BK-130102,Retail Fixtures & Store Opening,Store opening and fixture cleaning,Gondola shelving detailing,gondola-shelving-detailing,Final,Core,,gondola cleaning,1,Retail openings run on a fixed grand-opening date; merchandise cannot be set on dusty fixtures.,Fixture-safe cleaners and HEPA dusting before merchandise is set reduce re-cleaning.,,,,
BK-130103,Retail Fixtures & Store Opening,Store opening and fixture cleaning,Wall fixture and slatwall cleaning,wall-fixture-and-slatwall-cleaning,Final,Core,,slatwall cleaning,1,Retail openings run on a fixed grand-opening date; merchandise cannot be set on dusty fixtures.,Fixture-safe cleaners and HEPA dusting before merchandise is set reduce re-cleaning.,,,,
BK-130104,Retail Fixtures & Store Opening,Store opening and fixture cleaning,Display fixture and mannequin cleaning,display-fixture-and-mannequin-cleaning,Final,Core,,fixture cleaning,1,Retail openings run on a fixed grand-opening date; merchandise cannot be set on dusty fixtures.,Fixture-safe cleaners and HEPA dusting before merchandise is set reduce re-cleaning.,,,,
BK-130105,Retail Fixtures & Store Opening,Store opening and fixture cleaning,Fitting room cleaning,fitting-room-cleaning,Final,Core,,dressing room cleaning,1,Retail openings run on a fixed grand-opening date; merchandise cannot be set on dusty fixtures.,Fixture-safe cleaners and HEPA dusting before merchandise is set reduce re-cleaning.,,,,
BK-130106,Retail Fixtures & Store Opening,Store opening and fixture cleaning,Point-of-sale counter detailing,point-of-sale-counter-detailing,Final,Core,,POS cleaning,1,Retail openings run on a fixed grand-opening date; merchandise cannot be set on dusty fixtures.,Fixture-safe cleaners and HEPA dusting before merchandise is set reduce re-cleaning.,,,,
BK-130107,Retail Fixtures & Store Opening,Store opening and fixture cleaning,Merchandise set support cleaning,merchandise-set-support-cleaning,Occupancy / turnover,Core,,merchandising support clean,1,Retail openings run on a fixed grand-opening date; merchandise cannot be set on dusty fixtures.,Fixture-safe cleaners and HEPA dusting before merchandise is set reduce re-cleaning.,,,,
BK-130108,Retail Fixtures & Store Opening,Store opening and fixture cleaning,Stockroom and backroom cleaning,stockroom-and-backroom-cleaning,Final,Core,,stockroom cleaning,1,Retail openings run on a fixed grand-opening date; merchandise cannot be set on dusty fixtures.,Fixture-safe cleaners and HEPA dusting before merchandise is set reduce re-cleaning.,,,,
BK-130109,Retail Fixtures & Store Opening,Store opening and fixture cleaning,Retail remodel overnight cleaning,retail-remodel-overnight-cleaning,Any stage / specialty,Core,,night remodel cleaning,1,Retail openings run on a fixed grand-opening date; merchandise cannot be set on dusty fixtures.,Fixture-safe cleaners and HEPA dusting before merchandise is set reduce re-cleaning.,,,,
BK-130110,Retail Fixtures & Store Opening,Store opening and fixture cleaning,Phased store remodel cleaning,phased-store-remodel-cleaning,Any stage / specialty,Core,,remodel phase cleaning,1,Retail openings run on a fixed grand-opening date; merchandise cannot be set on dusty fixtures.,Fixture-safe cleaners and HEPA dusting before merchandise is set reduce re-cleaning.,,,,
BK-130111,Retail Fixtures & Store Opening,Store opening and fixture cleaning,Multi-site retail rollout cleaning,multi-site-retail-rollout-cleaning,Any stage / specialty,Core,,national rollout cleaning; program cleaning,2,Retail openings run on a fixed grand-opening date; merchandise cannot be set on dusty fixtures.,Fixture-safe cleaners and HEPA dusting before merchandise is set reduce re-cleaning.,,,,
BK-130112,Retail Fixtures & Store Opening,Store opening and fixture cleaning,Restaurant chain opening clean,restaurant-chain-opening-clean,Final,Core,,QSR opening cleaning,1,Retail openings run on a fixed grand-opening date; merchandise cannot be set on dusty fixtures.,Fixture-safe cleaners and HEPA dusting before merchandise is set reduce re-cleaning.,,,,
BK-130113,Retail Fixtures & Store Opening,Store opening and fixture cleaning,Bank branch opening clean,bank-branch-opening-clean,Final,Core,,branch opening cleaning,1,Retail openings run on a fixed grand-opening date; merchandise cannot be set on dusty fixtures.,Fixture-safe cleaners and HEPA dusting before merchandise is set reduce re-cleaning.,,,,
BK-130114,Retail Fixtures & Store Opening,Store opening and fixture cleaning,Pharmacy and clinic retail opening clean,pharmacy-and-clinic-retail-opening-clean,Final,Adjacent specialist,,pharmacy opening clean,1,Retail openings run on a fixed grand-opening date; merchandise cannot be set on dusty fixtures.,Fixture-safe cleaners and HEPA dusting before merchandise is set reduce re-cleaning.,,,,
BK-140101,Specialty & Controlled Environments,"Healthcare, lab and controlled spaces",Healthcare post-construction terminal-style clean,healthcare-post-construction-terminal-style-clean,Final,Conditional / regulated,,hospital construction cleaning,1,Healthcare and controlled environments have protocol-driven cleaning before occupancy; generic cleaning fails these specs.,"Protocol-matched products, HEPA, and documented methods — routed only to providers with the right training.",,,,
BK-140102,Specialty & Controlled Environments,"Healthcare, lab and controlled spaces",Medical office post-construction clean,medical-office-post-construction-clean,Final,Adjacent specialist,,medical office cleaning,1,Healthcare and controlled environments have protocol-driven cleaning before occupancy; generic cleaning fails these specs.,"Protocol-matched products, HEPA, and documented methods — routed only to providers with the right training.",,,,
BK-140103,Specialty & Controlled Environments,"Healthcare, lab and controlled spaces",Dental office post-construction clean,dental-office-post-construction-clean,Final,Adjacent specialist,,dental office cleaning,1,Healthcare and controlled environments have protocol-driven cleaning before occupancy; generic cleaning fails these specs.,"Protocol-matched products, HEPA, and documented methods — routed only to providers with the right training.",,,,
BK-140104,Specialty & Controlled Environments,"Healthcare, lab and controlled spaces",Operating room post-construction clean,operating-room-post-construction-clean,Final,Conditional / regulated,,OR construction cleaning,1,Healthcare and controlled environments have protocol-driven cleaning before occupancy; generic cleaning fails these specs.,"Protocol-matched products, HEPA, and documented methods — routed only to providers with the right training.",,,,
BK-140105,Specialty & Controlled Environments,"Healthcare, lab and controlled spaces",Laboratory post-construction clean,laboratory-post-construction-clean,Final,Conditional / regulated,,lab cleaning,1,Healthcare and controlled environments have protocol-driven cleaning before occupancy; generic cleaning fails these specs.,"Protocol-matched products, HEPA, and documented methods — routed only to providers with the right training.",,,,
BK-140106,Specialty & Controlled Environments,"Healthcare, lab and controlled spaces",Fume hood exterior cleaning,fume-hood-exterior-cleaning,Final,Adjacent specialist,,fume hood cleaning,1,Healthcare and controlled environments have protocol-driven cleaning before occupancy; generic cleaning fails these specs.,"Protocol-matched products, HEPA, and documented methods — routed only to providers with the right training.",,,,
BK-140107,Specialty & Controlled Environments,"Healthcare, lab and controlled spaces",Cleanroom protocol cleaning,cleanroom-protocol-cleaning,Final,Conditional / regulated,,cleanroom certification cleaning,1,Healthcare and controlled environments have protocol-driven cleaning before occupancy; generic cleaning fails these specs.,"Protocol-matched products, HEPA, and documented methods — routed only to providers with the right training.",,,,
BK-140108,Specialty & Controlled Environments,"Healthcare, lab and controlled spaces",Pharmacy compounding room cleaning,pharmacy-compounding-room-cleaning,Final,Conditional / regulated,,USP 797 room cleaning,1,Healthcare and controlled environments have protocol-driven cleaning before occupancy; generic cleaning fails these specs.,"Protocol-matched products, HEPA, and documented methods — routed only to providers with the right training.",,,,
BK-140109,Specialty & Controlled Environments,"Healthcare, lab and controlled spaces",Data center post-construction cleaning,data-center-post-construction-cleaning,Final,Conditional / regulated,,data center cleaning,1,Healthcare and controlled environments have protocol-driven cleaning before occupancy; generic cleaning fails these specs.,"Protocol-matched products, HEPA, and documented methods — routed only to providers with the right training.",,,,
BK-140110,Specialty & Controlled Environments,"Healthcare, lab and controlled spaces",Sub-floor plenum cleaning in data centers,sub-floor-plenum-cleaning-in-data-centers,Final,Conditional / regulated,,underfloor cleaning,1,Healthcare and controlled environments have protocol-driven cleaning before occupancy; generic cleaning fails these specs.,"Protocol-matched products, HEPA, and documented methods — routed only to providers with the right training.",,,,
BK-140111,Specialty & Controlled Environments,"Healthcare, lab and controlled spaces",Server rack exterior cleaning,server-rack-exterior-cleaning,Final,Conditional / regulated,,rack cleaning,1,Healthcare and controlled environments have protocol-driven cleaning before occupancy; generic cleaning fails these specs.,"Protocol-matched products, HEPA, and documented methods — routed only to providers with the right training.",,,,
BK-140112,Specialty & Controlled Environments,"Healthcare, lab and controlled spaces",Controlled contamination cleaning,controlled-contamination-cleaning,Any stage / specialty,Conditional / regulated,,contamination control cleaning,1,Healthcare and controlled environments have protocol-driven cleaning before occupancy; generic cleaning fails these specs.,"Protocol-matched products, HEPA, and documented methods — routed only to providers with the right training.",,,,
BK-140113,Specialty & Controlled Environments,"Healthcare, lab and controlled spaces",Vivarium and animal facility cleaning,vivarium-and-animal-facility-cleaning,Final,Conditional / regulated,,vivarium cleaning,1,Healthcare and controlled environments have protocol-driven cleaning before occupancy; generic cleaning fails these specs.,"Protocol-matched products, HEPA, and documented methods — routed only to providers with the right training.",,,,
BK-140201,Specialty & Controlled Environments,"Education, hospitality and assembly",School post-construction cleaning,school-post-construction-cleaning,Final,Core,,school construction cleaning,1,"Schools, hotels and venues open on hard deadlines with many identical rooms; consistency at scale matters.",Room-by-room checklists and low-odor methods support fast occupancy.,,,,
BK-140202,Specialty & Controlled Environments,"Education, hospitality and assembly",Classroom turnover cleaning,classroom-turnover-cleaning,Occupancy / turnover,Core,,classroom cleaning,1,"Schools, hotels and venues open on hard deadlines with many identical rooms; consistency at scale matters.",Room-by-room checklists and low-odor methods support fast occupancy.,,,,
BK-140203,Specialty & Controlled Environments,"Education, hospitality and assembly",Dormitory and student housing turnover,dormitory-and-student-housing-turnover,Occupancy / turnover,Core,,dorm cleaning,1,"Schools, hotels and venues open on hard deadlines with many identical rooms; consistency at scale matters.",Room-by-room checklists and low-odor methods support fast occupancy.,,,,
BK-140204,Specialty & Controlled Environments,"Education, hospitality and assembly",Hotel room post-construction cleaning,hotel-room-post-construction-cleaning,Final,Core,,hotel PIP cleaning; hotel renovation cleaning,2,"Schools, hotels and venues open on hard deadlines with many identical rooms; consistency at scale matters.",Room-by-room checklists and low-odor methods support fast occupancy.,,,,
BK-140205,Specialty & Controlled Environments,"Education, hospitality and assembly",Hotel public area post-construction cleaning,hotel-public-area-post-construction-cleaning,Final,Core,,hotel lobby cleaning,1,"Schools, hotels and venues open on hard deadlines with many identical rooms; consistency at scale matters.",Room-by-room checklists and low-odor methods support fast occupancy.,,,,
BK-140206,Specialty & Controlled Environments,"Education, hospitality and assembly",Fitness center post-construction cleaning,fitness-center-post-construction-cleaning,Final,Core,,gym construction cleaning,1,"Schools, hotels and venues open on hard deadlines with many identical rooms; consistency at scale matters.",Room-by-room checklists and low-odor methods support fast occupancy.,,,,
BK-140207,Specialty & Controlled Environments,"Education, hospitality and assembly",Pool deck and natatorium cleaning,pool-deck-and-natatorium-cleaning,Final,Adjacent specialist,,pool area cleaning,1,"Schools, hotels and venues open on hard deadlines with many identical rooms; consistency at scale matters.",Room-by-room checklists and low-odor methods support fast occupancy.,,,,
BK-140208,Specialty & Controlled Environments,"Education, hospitality and assembly",Church and worship space post-construction cleaning,church-and-worship-space-post-construction-cleaning,Final,Core,,church cleaning,1,"Schools, hotels and venues open on hard deadlines with many identical rooms; consistency at scale matters.",Room-by-room checklists and low-odor methods support fast occupancy.,,,,
BK-140209,Specialty & Controlled Environments,"Education, hospitality and assembly",Theater and auditorium post-construction cleaning,theater-and-auditorium-post-construction-cleaning,Final,Core,,auditorium cleaning,1,"Schools, hotels and venues open on hard deadlines with many identical rooms; consistency at scale matters.",Room-by-room checklists and low-odor methods support fast occupancy.,,,,
BK-140210,Specialty & Controlled Environments,"Education, hospitality and assembly",Arena and stadium post-construction cleaning,arena-and-stadium-post-construction-cleaning,Final,Adjacent specialist,,stadium cleaning,1,"Schools, hotels and venues open on hard deadlines with many identical rooms; consistency at scale matters.",Room-by-room checklists and low-odor methods support fast occupancy.,,,,
BK-140211,Specialty & Controlled Environments,"Education, hospitality and assembly",Library stack and shelving cleaning,library-stack-and-shelving-cleaning,Final,Core,,library cleaning,1,"Schools, hotels and venues open on hard deadlines with many identical rooms; consistency at scale matters.",Room-by-room checklists and low-odor methods support fast occupancy.,,,,
BK-140301,Specialty & Controlled Environments,Industrial and warehouse,Warehouse post-construction cleaning,warehouse-post-construction-cleaning,Final,Core,,distribution center cleaning,1,"Distribution and industrial buildings are huge, fast-track and measured by the square foot.",Ride-on scrubbers with water recovery and HEPA sweepers cut water use on large slabs.,,,,
BK-140302,Specialty & Controlled Environments,Industrial and warehouse,Pallet rack cleaning,pallet-rack-cleaning,Final,Core,,warehouse rack cleaning,1,"Distribution and industrial buildings are huge, fast-track and measured by the square foot.",Ride-on scrubbers with water recovery and HEPA sweepers cut water use on large slabs.,,,,
BK-140303,Specialty & Controlled Environments,Industrial and warehouse,Industrial equipment exterior cleaning,industrial-equipment-exterior-cleaning,Final,Adjacent specialist,,machine exterior cleaning,1,"Distribution and industrial buildings are huge, fast-track and measured by the square foot.",Ride-on scrubbers with water recovery and HEPA sweepers cut water use on large slabs.,,,,
BK-140304,Specialty & Controlled Environments,Industrial and warehouse,Conveyor system exterior cleaning,conveyor-system-exterior-cleaning,Final,Adjacent specialist,,conveyor cleaning,1,"Distribution and industrial buildings are huge, fast-track and measured by the square foot.",Ride-on scrubbers with water recovery and HEPA sweepers cut water use on large slabs.,,,,
BK-140305,Specialty & Controlled Environments,Industrial and warehouse,Manufacturing plant post-construction cleaning,manufacturing-plant-post-construction-cleaning,Final,Adjacent specialist,,factory cleaning,1,"Distribution and industrial buildings are huge, fast-track and measured by the square foot.",Ride-on scrubbers with water recovery and HEPA sweepers cut water use on large slabs.,,,,
BK-140306,Specialty & Controlled Environments,Industrial and warehouse,Cold storage facility cleaning,cold-storage-facility-cleaning,Final,Adjacent specialist,,cold storage cleaning,1,"Distribution and industrial buildings are huge, fast-track and measured by the square foot.",Ride-on scrubbers with water recovery and HEPA sweepers cut water use on large slabs.,,,,
BK-140307,Specialty & Controlled Environments,Industrial and warehouse,Truck court and dock apron sweeping,truck-court-and-dock-apron-sweeping,Final,Core,,truck court sweeping,1,"Distribution and industrial buildings are huge, fast-track and measured by the square foot.",Ride-on scrubbers with water recovery and HEPA sweepers cut water use on large slabs.,,,,Dock area
BK-150101,"Exterior, Hardscape & Building Envelope",Exterior surfaces,Sidewalk pressure washing,sidewalk-pressure-washing,Final,Core,,sidewalk cleaning,1,"Curb appeal, accessibility routes and storm-water rules all apply at closeout; exterior mud and debris are the first things an owner sees.","Water reclamation, biodegradable detergents where verified, and storm-drain protection keep wash water out of drains.",,,,Flatwork washing
BK-150102,"Exterior, Hardscape & Building Envelope",Exterior surfaces,Parking lot sweeping,parking-lot-sweeping,Final,Core,,lot sweeping; power sweeping,2,"Curb appeal, accessibility routes and storm-water rules all apply at closeout; exterior mud and debris are the first things an owner sees.","Water reclamation, biodegradable detergents where verified, and storm-drain protection keep wash water out of drains.",,,,
BK-150103,"Exterior, Hardscape & Building Envelope",Exterior surfaces,Parking lot washing,parking-lot-washing,Final,Adjacent specialist,,lot washing,1,"Curb appeal, accessibility routes and storm-water rules all apply at closeout; exterior mud and debris are the first things an owner sees.","Water reclamation, biodegradable detergents where verified, and storm-drain protection keep wash water out of drains.",,,,
BK-150104,"Exterior, Hardscape & Building Envelope",Exterior surfaces,Parking garage washing,parking-garage-washing,Final,Core,,garage power washing,1,"Curb appeal, accessibility routes and storm-water rules all apply at closeout; exterior mud and debris are the first things an owner sees.","Water reclamation, biodegradable detergents where verified, and storm-drain protection keep wash water out of drains.",,BK-080117,,
BK-150105,"Exterior, Hardscape & Building Envelope",Exterior surfaces,Loading dock washing,loading-dock-washing,Final,Core,,dock washing,1,"Curb appeal, accessibility routes and storm-water rules all apply at closeout; exterior mud and debris are the first things an owner sees.","Water reclamation, biodegradable detergents where verified, and storm-drain protection keep wash water out of drains.",,,,Dock area
BK-150106,"Exterior, Hardscape & Building Envelope",Exterior surfaces,Dumpster pad degreasing,dumpster-pad-degreasing,Final,Core,,dumpster pad cleaning,1,"Curb appeal, accessibility routes and storm-water rules all apply at closeout; exterior mud and debris are the first things an owner sees.","Water reclamation, biodegradable detergents where verified, and storm-drain protection keep wash water out of drains.",,,,
BK-150107,"Exterior, Hardscape & Building Envelope",Exterior surfaces,Building facade washing,building-facade-washing,Final,Adjacent specialist,,facade cleaning; exterior wall washing,2,"Curb appeal, accessibility routes and storm-water rules all apply at closeout; exterior mud and debris are the first things an owner sees.","Water reclamation, biodegradable detergents where verified, and storm-drain protection keep wash water out of drains.",,,,
BK-150108,"Exterior, Hardscape & Building Envelope",Exterior surfaces,Exterior soft washing,exterior-soft-washing,Final,Adjacent specialist,,soft wash,1,"Curb appeal, accessibility routes and storm-water rules all apply at closeout; exterior mud and debris are the first things an owner sees.","Water reclamation, biodegradable detergents where verified, and storm-drain protection keep wash water out of drains.",,,,
BK-150109,"Exterior, Hardscape & Building Envelope",Exterior surfaces,Brick and masonry cleaning,brick-and-masonry-cleaning,Final,Adjacent specialist,,brick cleaning; mortar smear removal,2,"Curb appeal, accessibility routes and storm-water rules all apply at closeout; exterior mud and debris are the first things an owner sees.","Water reclamation, biodegradable detergents where verified, and storm-drain protection keep wash water out of drains.",,,,
BK-150110,"Exterior, Hardscape & Building Envelope",Exterior surfaces,Masonry efflorescence removal,masonry-efflorescence-removal,Any stage / specialty,Adjacent specialist,,brick efflorescence removal,1,"Curb appeal, accessibility routes and storm-water rules all apply at closeout; exterior mud and debris are the first things an owner sees.","Water reclamation, biodegradable detergents where verified, and storm-drain protection keep wash water out of drains.",,,Efflorescence,
BK-150111,"Exterior, Hardscape & Building Envelope",Exterior surfaces,Stucco and EIFS cleaning,stucco-and-eifs-cleaning,Final,Adjacent specialist,,EIFS cleaning,1,"Curb appeal, accessibility routes and storm-water rules all apply at closeout; exterior mud and debris are the first things an owner sees.","Water reclamation, biodegradable detergents where verified, and storm-drain protection keep wash water out of drains.",,,,
BK-150112,"Exterior, Hardscape & Building Envelope",Exterior surfaces,Metal panel and canopy cleaning,metal-panel-and-canopy-cleaning,Final,Core,,canopy cleaning,1,"Curb appeal, accessibility routes and storm-water rules all apply at closeout; exterior mud and debris are the first things an owner sees.","Water reclamation, biodegradable detergents where verified, and storm-drain protection keep wash water out of drains.",,,,
BK-150113,"Exterior, Hardscape & Building Envelope",Exterior surfaces,Paver and hardscape cleaning,paver-and-hardscape-cleaning,Final,Core,,paver cleaning,1,"Curb appeal, accessibility routes and storm-water rules all apply at closeout; exterior mud and debris are the first things an owner sees.","Water reclamation, biodegradable detergents where verified, and storm-drain protection keep wash water out of drains.",,,,Flatwork washing
BK-150114,"Exterior, Hardscape & Building Envelope",Exterior surfaces,Paver joint sand cleanup,paver-joint-sand-cleanup,Final,Core,,paver sand cleanup,1,"Curb appeal, accessibility routes and storm-water rules all apply at closeout; exterior mud and debris are the first things an owner sees.","Water reclamation, biodegradable detergents where verified, and storm-drain protection keep wash water out of drains.",,,,
BK-150115,"Exterior, Hardscape & Building Envelope",Exterior surfaces,Entryway and vestibule cleaning,entryway-and-vestibule-cleaning,Final,Core,,entry cleaning,1,"Curb appeal, accessibility routes and storm-water rules all apply at closeout; exterior mud and debris are the first things an owner sees.","Water reclamation, biodegradable detergents where verified, and storm-drain protection keep wash water out of drains.",,,,Flatwork washing
BK-150116,"Exterior, Hardscape & Building Envelope",Exterior surfaces,Exterior signage and monument sign cleaning,exterior-signage-and-monument-sign-cleaning,Final,Core,,sign cleaning,1,"Curb appeal, accessibility routes and storm-water rules all apply at closeout; exterior mud and debris are the first things an owner sees.","Water reclamation, biodegradable detergents where verified, and storm-drain protection keep wash water out of drains.",,,,
BK-150117,"Exterior, Hardscape & Building Envelope",Exterior surfaces,Exterior light fixture and pole base cleaning,exterior-light-fixture-and-pole-base-cleaning,Final,Core,,site light cleaning,1,"Curb appeal, accessibility routes and storm-water rules all apply at closeout; exterior mud and debris are the first things an owner sees.","Water reclamation, biodegradable detergents where verified, and storm-drain protection keep wash water out of drains.",,,,
BK-150118,"Exterior, Hardscape & Building Envelope",Exterior surfaces,Site furniture and bike rack cleaning,site-furniture-and-bike-rack-cleaning,Final,Core,,site furnishing cleaning,1,"Curb appeal, accessibility routes and storm-water rules all apply at closeout; exterior mud and debris are the first things an owner sees.","Water reclamation, biodegradable detergents where verified, and storm-drain protection keep wash water out of drains.",,,,
BK-150119,"Exterior, Hardscape & Building Envelope",Exterior surfaces,Landscape bed debris removal,landscape-bed-debris-removal,Final,Core,,planter debris cleanup,1,"Curb appeal, accessibility routes and storm-water rules all apply at closeout; exterior mud and debris are the first things an owner sees.","Water reclamation, biodegradable detergents where verified, and storm-drain protection keep wash water out of drains.",,,,
BK-150120,"Exterior, Hardscape & Building Envelope",Exterior surfaces,Storm drain inlet protection cleanup,storm-drain-inlet-protection-cleanup,Final,Adjacent specialist,,inlet protection removal,1,"Curb appeal, accessibility routes and storm-water rules all apply at closeout; exterior mud and debris are the first things an owner sees.","Water reclamation, biodegradable detergents where verified, and storm-drain protection keep wash water out of drains.",,,,
BK-150121,"Exterior, Hardscape & Building Envelope",Exterior surfaces,Silt fence and erosion control debris cleanup,silt-fence-and-erosion-control-debris-cleanup,Final,Adjacent specialist,,erosion control cleanup,1,"Curb appeal, accessibility routes and storm-water rules all apply at closeout; exterior mud and debris are the first things an owner sees.","Water reclamation, biodegradable detergents where verified, and storm-drain protection keep wash water out of drains.",,,,
BK-150122,"Exterior, Hardscape & Building Envelope",Exterior surfaces,Curb and gutter cleaning,curb-and-gutter-cleaning,Final,Core,,curb cleaning,1,"Curb appeal, accessibility routes and storm-water rules all apply at closeout; exterior mud and debris are the first things an owner sees.","Water reclamation, biodegradable detergents where verified, and storm-drain protection keep wash water out of drains.",,,,Flatwork washing
BK-150123,"Exterior, Hardscape & Building Envelope",Exterior surfaces,Wastewater recovery during washing,wastewater-recovery-during-washing,Any stage / specialty,Adjacent specialist,,wash water reclamation,1,"Curb appeal, accessibility routes and storm-water rules all apply at closeout; exterior mud and debris are the first things an owner sees.","Water reclamation, biodegradable detergents where verified, and storm-drain protection keep wash water out of drains.",,,,
BK-150124,"Exterior, Hardscape & Building Envelope",Exterior surfaces,Graffiti removal,graffiti-removal,Any stage / specialty,Adjacent specialist,,graffiti cleaning,1,"Curb appeal, accessibility routes and storm-water rules all apply at closeout; exterior mud and debris are the first things an owner sees.","Water reclamation, biodegradable detergents where verified, and storm-drain protection keep wash water out of drains.",,,,
BK-150125,"Exterior, Hardscape & Building Envelope",Exterior surfaces,Rust and irrigation stain removal from hardscape,rust-and-irrigation-stain-removal-from-hardscape,Any stage / specialty,Adjacent specialist,,rust removal from concrete,1,"Curb appeal, accessibility routes and storm-water rules all apply at closeout; exterior mud and debris are the first things an owner sees.","Water reclamation, biodegradable detergents where verified, and storm-drain protection keep wash water out of drains.",,BK-080111,,
BK-150126,"Exterior, Hardscape & Building Envelope",Exterior surfaces,Roof debris removal,roof-debris-removal,Final,Adjacent specialist,,roof cleanup,1,"Curb appeal, accessibility routes and storm-water rules all apply at closeout; exterior mud and debris are the first things an owner sees.","Water reclamation, biodegradable detergents where verified, and storm-drain protection keep wash water out of drains.",,,,
BK-150127,"Exterior, Hardscape & Building Envelope",Exterior surfaces,Gutter and downspout debris removal,gutter-and-downspout-debris-removal,Final,Core,,gutter cleaning,1,"Curb appeal, accessibility routes and storm-water rules all apply at closeout; exterior mud and debris are the first things an owner sees.","Water reclamation, biodegradable detergents where verified, and storm-drain protection keep wash water out of drains.",,,,
BK-150128,"Exterior, Hardscape & Building Envelope",Exterior surfaces,Balcony and terrace cleaning,balcony-and-terrace-cleaning,Final,Core,,balcony cleaning,1,"Curb appeal, accessibility routes and storm-water rules all apply at closeout; exterior mud and debris are the first things an owner sees.","Water reclamation, biodegradable detergents where verified, and storm-drain protection keep wash water out of drains.",,,,
BK-150129,"Exterior, Hardscape & Building Envelope",Exterior surfaces,Solar array cleaning,solar-array-cleaning,Any stage / specialty,Conditional / regulated,,solar panel cleaning,1,"Curb appeal, accessibility routes and storm-water rules all apply at closeout; exterior mud and debris are the first things an owner sees.","Water reclamation, biodegradable detergents where verified, and storm-drain protection keep wash water out of drains.",,,,
BK-160101,"Residue, Stain & Protective-Material Removal",Residue removal,Paint overspray removal,paint-overspray-removal,Final,Core,,overspray removal,1,Residues are the hardest items on a punch list; the wrong removal method damages new finishes and creates re-work.,"Least-aggressive-first method selection: mechanical and neutral options before solvents, and surface-tested before use.",,,Paint residue,
BK-160102,"Residue, Stain & Protective-Material Removal",Residue removal,Paint drip and splatter removal,paint-drip-and-splatter-removal,Final,Core,,paint spot removal,1,Residues are the hardest items on a punch list; the wrong removal method damages new finishes and creates re-work.,"Least-aggressive-first method selection: mechanical and neutral options before solvents, and surface-tested before use.",,,Paint residue,
BK-160103,"Residue, Stain & Protective-Material Removal",Residue removal,Adhesive residue removal,adhesive-residue-removal,Final,Core,,glue removal; mastic removal,2,Residues are the hardest items on a punch list; the wrong removal method damages new finishes and creates re-work.,"Least-aggressive-first method selection: mechanical and neutral options before solvents, and surface-tested before use.",,,Adhesive residue,
BK-160104,"Residue, Stain & Protective-Material Removal",Residue removal,Tape residue removal,tape-residue-removal,Final,Core,,painter's tape residue removal,1,Residues are the hardest items on a punch list; the wrong removal method damages new finishes and creates re-work.,"Least-aggressive-first method selection: mechanical and neutral options before solvents, and surface-tested before use.",,,Adhesive residue,
BK-160105,"Residue, Stain & Protective-Material Removal",Residue removal,Caulk and sealant smear removal,caulk-and-sealant-smear-removal,Final,Core,,sealant removal,1,Residues are the hardest items on a punch list; the wrong removal method damages new finishes and creates re-work.,"Least-aggressive-first method selection: mechanical and neutral options before solvents, and surface-tested before use.",,BK-100104,,
BK-160106,"Residue, Stain & Protective-Material Removal",Residue removal,Grout and setting material haze removal,grout-and-setting-material-haze-removal,Final,Core,,haze removal,1,Residues are the hardest items on a punch list; the wrong removal method damages new finishes and creates re-work.,"Least-aggressive-first method selection: mechanical and neutral options before solvents, and surface-tested before use.",,BK-080302,,
BK-160107,"Residue, Stain & Protective-Material Removal",Residue removal,Stucco and plaster splatter removal,stucco-and-plaster-splatter-removal,Final,Core,,plaster removal,1,Residues are the hardest items on a punch list; the wrong removal method damages new finishes and creates re-work.,"Least-aggressive-first method selection: mechanical and neutral options before solvents, and surface-tested before use.",,,,
BK-160108,"Residue, Stain & Protective-Material Removal",Residue removal,Concrete and mortar splatter removal,concrete-and-mortar-splatter-removal,Final,Core,,cement splatter removal,1,Residues are the hardest items on a punch list; the wrong removal method damages new finishes and creates re-work.,"Least-aggressive-first method selection: mechanical and neutral options before solvents, and surface-tested before use.",,,Concrete/mortar splatter,
BK-160109,"Residue, Stain & Protective-Material Removal",Residue removal,Spray foam overspray removal,spray-foam-overspray-removal,Final,Adjacent specialist,,foam overspray removal,1,Residues are the hardest items on a punch list; the wrong removal method damages new finishes and creates re-work.,"Least-aggressive-first method selection: mechanical and neutral options before solvents, and surface-tested before use.",,,,
BK-160110,"Residue, Stain & Protective-Material Removal",Residue removal,Fireproofing overspray removal,fireproofing-overspray-removal,Final,Conditional / regulated,,SFRM overspray removal,1,Residues are the hardest items on a punch list; the wrong removal method damages new finishes and creates re-work.,"Least-aggressive-first method selection: mechanical and neutral options before solvents, and surface-tested before use.",,,,Fireproofing
BK-160111,"Residue, Stain & Protective-Material Removal",Residue removal,Joint compound film removal,joint-compound-film-removal,Final,Core,,mud film removal,1,Residues are the hardest items on a punch list; the wrong removal method damages new finishes and creates re-work.,"Least-aggressive-first method selection: mechanical and neutral options before solvents, and surface-tested before use.",,,,
BK-160112,"Residue, Stain & Protective-Material Removal",Residue removal,"Pencil, marker and layout line removal",pencil-marker-and-layout-line-removal,Final,Core,,layout mark removal,1,Residues are the hardest items on a punch list; the wrong removal method damages new finishes and creates re-work.,"Least-aggressive-first method selection: mechanical and neutral options before solvents, and surface-tested before use.",,,,
BK-160113,"Residue, Stain & Protective-Material Removal",Residue removal,"Label, sticker and UPC removal",label-sticker-and-upc-removal,Final,Core,,sticker removal,1,Residues are the hardest items on a punch list; the wrong removal method damages new finishes and creates re-work.,"Least-aggressive-first method selection: mechanical and neutral options before solvents, and surface-tested before use.",,,Labels and stickers,
BK-160114,"Residue, Stain & Protective-Material Removal",Residue removal,Protective film removal from appliances and fixtures,protective-film-removal-from-appliances-and-fixtures,Final,Core,,blue film removal; protective plastic removal,2,Residues are the hardest items on a punch list; the wrong removal method damages new finishes and creates re-work.,"Least-aggressive-first method selection: mechanical and neutral options before solvents, and surface-tested before use.",,,Protective film,
BK-160115,"Residue, Stain & Protective-Material Removal",Residue removal,Rust stain removal from finishes,rust-stain-removal-from-finishes,Any stage / specialty,Adjacent specialist,,rust stain removal,1,Residues are the hardest items on a punch list; the wrong removal method damages new finishes and creates re-work.,"Least-aggressive-first method selection: mechanical and neutral options before solvents, and surface-tested before use.",,,Rust stains,
BK-160116,"Residue, Stain & Protective-Material Removal",Residue removal,Water spot and mineral deposit removal,water-spot-and-mineral-deposit-removal,Any stage / specialty,Core,,hard water spot removal,1,Residues are the hardest items on a punch list; the wrong removal method damages new finishes and creates re-work.,"Least-aggressive-first method selection: mechanical and neutral options before solvents, and surface-tested before use.",,,Mineral deposits,
BK-160117,"Residue, Stain & Protective-Material Removal",Residue removal,Tar and roofing material removal,tar-and-roofing-material-removal,Any stage / specialty,Adjacent specialist,,tar removal,1,Residues are the hardest items on a punch list; the wrong removal method damages new finishes and creates re-work.,"Least-aggressive-first method selection: mechanical and neutral options before solvents, and surface-tested before use.",,,,
BK-160118,"Residue, Stain & Protective-Material Removal",Residue removal,Fingerprint and smudge removal,fingerprint-and-smudge-removal,Touch-up / punch,Core,,smudge cleaning,1,Residues are the hardest items on a punch list; the wrong removal method damages new finishes and creates re-work.,"Least-aggressive-first method selection: mechanical and neutral options before solvents, and surface-tested before use.",,BK-050101,,
BK-160201,"Residue, Stain & Protective-Material Removal",Protection install and removal,Floor protection installation,floor-protection-installation,Progress,Core,,Ram Board install; floor protection,2,Protection keeps finished work from being damaged; its removal and the dust under it are often left out of every trade's scope.,"Reusable protection where possible, and capture of dust trapped under protection before it spreads.",,,,Floor protection
BK-160202,"Residue, Stain & Protective-Material Removal",Protection install and removal,Floor protection removal and disposal,floor-protection-removal-and-disposal,Final,Core,,floor protection removal,1,Protection keeps finished work from being damaged; its removal and the dust under it are often left out of every trade's scope.,"Reusable protection where possible, and capture of dust trapped under protection before it spreads.",,,,Floor protection
BK-160203,"Residue, Stain & Protective-Material Removal",Protection install and removal,Adhesive under floor protection cleanup,adhesive-under-floor-protection-cleanup,Final,Core,,protection tape residue cleanup,1,Protection keeps finished work from being damaged; its removal and the dust under it are often left out of every trade's scope.,"Reusable protection where possible, and capture of dust trapped under protection before it spreads.",,,Adhesive residue,Floor protection
BK-160204,"Residue, Stain & Protective-Material Removal",Protection install and removal,Elevator cab protection install and removal,elevator-cab-protection-install-and-removal,Progress,Core,,elevator pad removal,1,Protection keeps finished work from being damaged; its removal and the dust under it are often left out of every trade's scope.,"Reusable protection where possible, and capture of dust trapped under protection before it spreads.",,,,Elevators
BK-160205,"Residue, Stain & Protective-Material Removal",Protection install and removal,Door and frame protection removal,door-and-frame-protection-removal,Final,Core,,door protection removal,1,Protection keeps finished work from being damaged; its removal and the dust under it are often left out of every trade's scope.,"Reusable protection where possible, and capture of dust trapped under protection before it spreads.",,,,
BK-160206,"Residue, Stain & Protective-Material Removal",Protection install and removal,Countertop and fixture protection removal,countertop-and-fixture-protection-removal,Final,Core,,counter protection removal,1,Protection keeps finished work from being damaged; its removal and the dust under it are often left out of every trade's scope.,"Reusable protection where possible, and capture of dust trapped under protection before it spreads.",,,,
BK-160207,"Residue, Stain & Protective-Material Removal",Protection install and removal,Window and glass protection removal,window-and-glass-protection-removal,Final,Core,,window film removal,1,Protection keeps finished work from being damaged; its removal and the dust under it are often left out of every trade's scope.,"Reusable protection where possible, and capture of dust trapped under protection before it spreads.",,BK-070119,,
BK-160208,"Residue, Stain & Protective-Material Removal",Protection install and removal,Carpet protection film removal,carpet-protection-film-removal,Final,Core,,carpet film removal,1,Protection keeps finished work from being damaged; its removal and the dust under it are often left out of every trade's scope.,"Reusable protection where possible, and capture of dust trapped under protection before it spreads.",,,Protective film,
BK-160209,"Residue, Stain & Protective-Material Removal",Protection install and removal,Temporary walk-off mat placement and removal,temporary-walk-off-mat-placement-and-removal,Progress,Core,,temporary mats,1,Protection keeps finished work from being damaged; its removal and the dust under it are often left out of every trade's scope.,"Reusable protection where possible, and capture of dust trapped under protection before it spreads.",,,,
BK-170101,Vertical Transportation & Circulation,"Elevators, escalators and stairs",Elevator cab interior detailing,elevator-cab-interior-detailing,Final,Core,,elevator cleaning,1,Elevators are inspected and used by every visitor; stairwells collect the most construction debris.,Stainless-safe cleaners and HEPA vacuuming of sills and pits without solvents.,,,,Elevators
BK-170102,Vertical Transportation & Circulation,"Elevators, escalators and stairs",Elevator door and sill track cleaning,elevator-door-and-sill-track-cleaning,Final,Core,,elevator sill cleaning,1,Elevators are inspected and used by every visitor; stairwells collect the most construction debris.,Stainless-safe cleaners and HEPA vacuuming of sills and pits without solvents.,,,,Elevators
BK-170103,Vertical Transportation & Circulation,"Elevators, escalators and stairs",Elevator pit debris removal,elevator-pit-debris-removal,Final,Adjacent specialist,,elevator pit cleaning,1,Elevators are inspected and used by every visitor; stairwells collect the most construction debris.,Stainless-safe cleaners and HEPA vacuuming of sills and pits without solvents.,,,,
BK-170104,Vertical Transportation & Circulation,"Elevators, escalators and stairs",Escalator and moving walk cleaning,escalator-and-moving-walk-cleaning,Final,Conditional / regulated,,escalator cleaning,1,Elevators are inspected and used by every visitor; stairwells collect the most construction debris.,Stainless-safe cleaners and HEPA vacuuming of sills and pits without solvents.,,,,
BK-170105,Vertical Transportation & Circulation,"Elevators, escalators and stairs",Stairwell cleaning top to bottom,stairwell-cleaning-top-to-bottom,Final,Core,,stair tower cleaning,1,Elevators are inspected and used by every visitor; stairwells collect the most construction debris.,Stainless-safe cleaners and HEPA vacuuming of sills and pits without solvents.,,,,
BK-170106,Vertical Transportation & Circulation,"Elevators, escalators and stairs",Stair nosing and tread detailing,stair-nosing-and-tread-detailing,Final,Core,,stair nosing cleaning,1,Elevators are inspected and used by every visitor; stairwells collect the most construction debris.,Stainless-safe cleaners and HEPA vacuuming of sills and pits without solvents.,,BK-080407,,
BK-170107,Vertical Transportation & Circulation,"Elevators, escalators and stairs",Corridor and hallway detailing,corridor-and-hallway-detailing,Final,Core,,corridor cleaning,1,Elevators are inspected and used by every visitor; stairwells collect the most construction debris.,Stainless-safe cleaners and HEPA vacuuming of sills and pits without solvents.,,,,
BK-170108,Vertical Transportation & Circulation,"Elevators, escalators and stairs",Lobby final detailing,lobby-final-detailing,Final,Core,,lobby cleaning,1,Elevators are inspected and used by every visitor; stairwells collect the most construction debris.,Stainless-safe cleaners and HEPA vacuuming of sills and pits without solvents.,,,,
BK-180101,"Turnover, Punch & Closeout Support",Final clean and turnover,Final clean of entire building,final-clean-of-entire-building,Final,Core,,final cleaning; phase 3 clean; sparkle clean,3,Final clean is required before Substantial Completion inspection; a failed walk delays the certificate and payment.,"Final clean with low-odor, low-residue products so the space is ready for occupancy without lingering chemical smell.",BK-180104,,Final clean scope,
BK-180102,"Turnover, Punch & Closeout Support",Final clean and turnover,Final clean by phase or floor,final-clean-by-phase-or-floor,Final,Core,,phased final clean,1,Final clean is required before Substantial Completion inspection; a failed walk delays the certificate and payment.,"Final clean with low-odor, low-residue products so the space is ready for occupancy without lingering chemical smell.",,,Final clean scope,
BK-180103,"Turnover, Punch & Closeout Support",Final clean and turnover,Light clean (phase 2),light-clean-phase-2,Progress,Core,,second clean; detail clean,2,Final clean is required before Substantial Completion inspection; a failed walk delays the certificate and payment.,"Final clean with low-odor, low-residue products so the space is ready for occupancy without lingering chemical smell.",,,,
BK-180104,"Turnover, Punch & Closeout Support",Final clean and turnover,Touch-up clean before owner walk,touch-up-clean-before-owner-walk,Touch-up / punch,Core,,touch-up clean; sparkle clean,2,Final clean is required before Substantial Completion inspection; a failed walk delays the certificate and payment.,"Final clean with low-odor, low-residue products so the space is ready for occupancy without lingering chemical smell.",BK-180101,,,Punch & touch-up
BK-180105,"Turnover, Punch & Closeout Support",Final clean and turnover,Punch-list cleaning,punch-list-cleaning,Touch-up / punch,Core,,punch list cleanup,1,Final clean is required before Substantial Completion inspection; a failed walk delays the certificate and payment.,"Final clean with low-odor, low-residue products so the space is ready for occupancy without lingering chemical smell.",,,,Punch & touch-up
BK-180106,"Turnover, Punch & Closeout Support",Final clean and turnover,Re-clean after punch work,re-clean-after-punch-work,Touch-up / punch,Core,,after-trade re-clean; re-clean,2,Final clean is required before Substantial Completion inspection; a failed walk delays the certificate and payment.,"Final clean with low-odor, low-residue products so the space is ready for occupancy without lingering chemical smell.",BK-030114,BK-030114,,
BK-180107,"Turnover, Punch & Closeout Support",Final clean and turnover,Pre-substantial completion clean,pre-substantial-completion-clean,Final,Core,,substantial completion clean,1,Final clean is required before Substantial Completion inspection; a failed walk delays the certificate and payment.,"Final clean with low-odor, low-residue products so the space is ready for occupancy without lingering chemical smell.",,BK-180101,,
BK-180108,"Turnover, Punch & Closeout Support",Final clean and turnover,Pre-certificate of occupancy clean,pre-certificate-of-occupancy-clean,Final,Core,,CO inspection clean,1,Final clean is required before Substantial Completion inspection; a failed walk delays the certificate and payment.,"Final clean with low-odor, low-residue products so the space is ready for occupancy without lingering chemical smell.",,,,
BK-180109,"Turnover, Punch & Closeout Support",Final clean and turnover,Pre-health inspection clean,pre-health-inspection-clean,Final,Core,,health inspection prep,1,Final clean is required before Substantial Completion inspection; a failed walk delays the certificate and payment.,"Final clean with low-odor, low-residue products so the space is ready for occupancy without lingering chemical smell.",,,,
BK-180110,"Turnover, Punch & Closeout Support",Final clean and turnover,Pre-fire marshal inspection clean,pre-fire-marshal-inspection-clean,Final,Core,,fire inspection prep,1,Final clean is required before Substantial Completion inspection; a failed walk delays the certificate and payment.,"Final clean with low-odor, low-residue products so the space is ready for occupancy without lingering chemical smell.",,,,
BK-180111,"Turnover, Punch & Closeout Support",Final clean and turnover,Owner move-in clean,owner-move-in-clean,Occupancy / turnover,Core,,move-in cleaning,1,Final clean is required before Substantial Completion inspection; a failed walk delays the certificate and payment.,"Final clean with low-odor, low-residue products so the space is ready for occupancy without lingering chemical smell.",,,,
BK-180112,"Turnover, Punch & Closeout Support",Final clean and turnover,Tenant improvement final clean,tenant-improvement-final-clean,Final,Core,,TI cleaning; tenant buildout cleaning,2,Final clean is required before Substantial Completion inspection; a failed walk delays the certificate and payment.,"Final clean with low-odor, low-residue products so the space is ready for occupancy without lingering chemical smell.",,,Final clean scope,
BK-180113,"Turnover, Punch & Closeout Support",Final clean and turnover,Phased occupancy cleaning,phased-occupancy-cleaning,Occupancy / turnover,Core,,partial occupancy clean,1,Final clean is required before Substantial Completion inspection; a failed walk delays the certificate and payment.,"Final clean with low-odor, low-residue products so the space is ready for occupancy without lingering chemical smell.",,,,
BK-180114,"Turnover, Punch & Closeout Support",Final clean and turnover,Post-furniture install clean,post-furniture-install-clean,Occupancy / turnover,Core,,after FF&E clean,1,Final clean is required before Substantial Completion inspection; a failed walk delays the certificate and payment.,"Final clean with low-odor, low-residue products so the space is ready for occupancy without lingering chemical smell.",,,,
BK-180115,"Turnover, Punch & Closeout Support",Final clean and turnover,Post-IT and AV install clean,post-it-and-av-install-clean,Occupancy / turnover,Core,,after low voltage clean,1,Final clean is required before Substantial Completion inspection; a failed walk delays the certificate and payment.,"Final clean with low-odor, low-residue products so the space is ready for occupancy without lingering chemical smell.",,,,
BK-180116,"Turnover, Punch & Closeout Support",Final clean and turnover,Model unit and show suite cleaning,model-unit-and-show-suite-cleaning,Occupancy / turnover,Core,,model home cleaning,1,Final clean is required before Substantial Completion inspection; a failed walk delays the certificate and payment.,"Final clean with low-odor, low-residue products so the space is ready for occupancy without lingering chemical smell.",,,,
BK-180117,"Turnover, Punch & Closeout Support",Final clean and turnover,Vacant space turnover cleaning,vacant-space-turnover-cleaning,Occupancy / turnover,Core,,vacant tenant turnover,1,Final clean is required before Substantial Completion inspection; a failed walk delays the certificate and payment.,"Final clean with low-odor, low-residue products so the space is ready for occupancy without lingering chemical smell.",,,,
BK-180118,"Turnover, Punch & Closeout Support",Final clean and turnover,Property management turnover cleaning,property-management-turnover-cleaning,Occupancy / turnover,Core,,PM turnover,1,Final clean is required before Substantial Completion inspection; a failed walk delays the certificate and payment.,"Final clean with low-odor, low-residue products so the space is ready for occupancy without lingering chemical smell.",,,,
BK-180119,"Turnover, Punch & Closeout Support",Final clean and turnover,Post-renovation reset clean,post-renovation-reset-clean,Occupancy / turnover,Core,,renovation cleanup,1,Final clean is required before Substantial Completion inspection; a failed walk delays the certificate and payment.,"Final clean with low-odor, low-residue products so the space is ready for occupancy without lingering chemical smell.",,,,
BK-180120,"Turnover, Punch & Closeout Support",Final clean and turnover,Post-equipment installation cleaning,post-equipment-installation-cleaning,Occupancy / turnover,Core,,after equipment install clean,1,Final clean is required before Substantial Completion inspection; a failed walk delays the certificate and payment.,"Final clean with low-odor, low-residue products so the space is ready for occupancy without lingering chemical smell.",,,,
BK-180121,"Turnover, Punch & Closeout Support",Final clean and turnover,Emergency or overnight turnaround clean,emergency-or-overnight-turnaround-clean,Any stage / specialty,Core,,rush clean; overnight clean,2,Final clean is required before Substantial Completion inspection; a failed walk delays the certificate and payment.,"Final clean with low-odor, low-residue products so the space is ready for occupancy without lingering chemical smell.",,,,
BK-180201,"Turnover, Punch & Closeout Support",Closeout documentation support,Before-and-after photo documentation,before-and-after-photo-documentation,Any stage / specialty,Core,,cleaning photo log,1,"GCs need proof of cleaning for closeout packages, LEED documentation and dispute protection.",Documenting products and methods used is what makes a green claim credible.,,,,
BK-180202,"Turnover, Punch & Closeout Support",Closeout documentation support,Room-by-room cleaning checklist sign-off,room-by-room-cleaning-checklist-sign-off,Final,Core,,cleaning checklist,1,"GCs need proof of cleaning for closeout packages, LEED documentation and dispute protection.",Documenting products and methods used is what makes a green claim credible.,,,,
BK-180203,"Turnover, Punch & Closeout Support",Closeout documentation support,Cleaning product SDS and data sheet package,cleaning-product-sds-and-data-sheet-package,Final,Core,,SDS binder,1,"GCs need proof of cleaning for closeout packages, LEED documentation and dispute protection.",Documenting products and methods used is what makes a green claim credible.,,,,
BK-180204,"Turnover, Punch & Closeout Support",Closeout documentation support,Attic stock and spare material staging,attic-stock-and-spare-material-staging,Final,Core,,attic stock staging,1,"GCs need proof of cleaning for closeout packages, LEED documentation and dispute protection.",Documenting products and methods used is what makes a green claim credible.,,,,
BK-180205,"Turnover, Punch & Closeout Support",Closeout documentation support,Owner training area preparation,owner-training-area-preparation,Occupancy / turnover,Core,,training room setup,1,"GCs need proof of cleaning for closeout packages, LEED documentation and dispute protection.",Documenting products and methods used is what makes a green claim credible.,,,,
BK-190101,Multifamily & Residential-Scale Turnover,Multifamily units,Apartment unit post-construction clean,apartment-unit-post-construction-clean,Final,Core,,apartment construction cleaning,1,Multifamily projects turn over dozens of identical units on rolling schedules; speed and consistency set the pace.,Repeatable unit checklists with low-odor products for fast lease-up.,,,,
BK-190102,Multifamily & Residential-Scale Turnover,Multifamily units,Condo unit final clean,condo-unit-final-clean,Final,Core,,condo cleaning,1,Multifamily projects turn over dozens of identical units on rolling schedules; speed and consistency set the pace.,Repeatable unit checklists with low-odor products for fast lease-up.,,,,
BK-190103,Multifamily & Residential-Scale Turnover,Multifamily units,Townhome final clean,townhome-final-clean,Final,Core,,townhouse cleaning,1,Multifamily projects turn over dozens of identical units on rolling schedules; speed and consistency set the pace.,Repeatable unit checklists with low-odor products for fast lease-up.,,,,
BK-190104,Multifamily & Residential-Scale Turnover,Multifamily units,Amenity space final clean,amenity-space-final-clean,Final,Core,,clubhouse cleaning,1,Multifamily projects turn over dozens of identical units on rolling schedules; speed and consistency set the pace.,Repeatable unit checklists with low-odor products for fast lease-up.,,,,
BK-190105,Multifamily & Residential-Scale Turnover,Multifamily units,Leasing office final clean,leasing-office-final-clean,Final,Core,,leasing office cleaning,1,Multifamily projects turn over dozens of identical units on rolling schedules; speed and consistency set the pace.,Repeatable unit checklists with low-odor products for fast lease-up.,,,,
BK-190106,Multifamily & Residential-Scale Turnover,Multifamily units,Appliance interior and exterior cleaning,appliance-interior-and-exterior-cleaning,Final,Core,,appliance cleaning,1,Multifamily projects turn over dozens of identical units on rolling schedules; speed and consistency set the pace.,Repeatable unit checklists with low-odor products for fast lease-up.,,,,
BK-190107,Multifamily & Residential-Scale Turnover,Multifamily units,Range hood and microwave detailing,range-hood-and-microwave-detailing,Final,Core,,range hood cleaning,1,Multifamily projects turn over dozens of identical units on rolling schedules; speed and consistency set the pace.,Repeatable unit checklists with low-odor products for fast lease-up.,,,,
BK-190108,Multifamily & Residential-Scale Turnover,Multifamily units,Washer and dryer area cleaning,washer-and-dryer-area-cleaning,Final,Core,,laundry room cleaning,1,Multifamily projects turn over dozens of identical units on rolling schedules; speed and consistency set the pace.,Repeatable unit checklists with low-odor products for fast lease-up.,,,,
BK-190109,Multifamily & Residential-Scale Turnover,Multifamily units,Dryer vent debris check,dryer-vent-debris-check,Final,Adjacent specialist,,dryer vent cleaning,1,Multifamily projects turn over dozens of identical units on rolling schedules; speed and consistency set the pace.,Repeatable unit checklists with low-odor products for fast lease-up.,,,,
BK-190110,Multifamily & Residential-Scale Turnover,Multifamily units,Garage and storage unit cleaning,garage-and-storage-unit-cleaning,Final,Core,,storage cleaning,1,Multifamily projects turn over dozens of identical units on rolling schedules; speed and consistency set the pace.,Repeatable unit checklists with low-odor products for fast lease-up.,,,,
BK-190111,Multifamily & Residential-Scale Turnover,Multifamily units,Mailroom and package room cleaning,mailroom-and-package-room-cleaning,Final,Core,,mailroom cleaning,1,Multifamily projects turn over dozens of identical units on rolling schedules; speed and consistency set the pace.,Repeatable unit checklists with low-odor products for fast lease-up.,,,,
BK-190112,Multifamily & Residential-Scale Turnover,Multifamily units,Trash room and chute room cleaning,trash-room-and-chute-room-cleaning,Final,Core,,trash room cleaning,1,Multifamily projects turn over dozens of identical units on rolling schedules; speed and consistency set the pace.,Repeatable unit checklists with low-odor products for fast lease-up.,,,,
BK-200101,Restoration & Regulated Work (Conditional),Restoration and regulated scopes,Water damage cleanup,water-damage-cleanup,Any stage / specialty,Conditional / regulated,,flood cleanup,1,"These scopes carry licensing, testing and liability; they are listed so buyers can find them, but routed only to properly licensed providers.",Regulated protocols govern products and disposal here — claims follow the license holder's protocol.,,,,
BK-200102,Restoration & Regulated Work (Conditional),Restoration and regulated scopes,Mold remediation,mold-remediation,Any stage / specialty,Conditional / regulated,,mold removal,1,"These scopes carry licensing, testing and liability; they are listed so buyers can find them, but routed only to properly licensed providers.",Regulated protocols govern products and disposal here — claims follow the license holder's protocol.,,,,
BK-200103,Restoration & Regulated Work (Conditional),Restoration and regulated scopes,Fire and smoke residue cleaning,fire-and-smoke-residue-cleaning,Any stage / specialty,Conditional / regulated,,smoke damage cleaning; soot removal,2,"These scopes carry licensing, testing and liability; they are listed so buyers can find them, but routed only to properly licensed providers.",Regulated protocols govern products and disposal here — claims follow the license holder's protocol.,,,,
BK-200104,Restoration & Regulated Work (Conditional),Restoration and regulated scopes,Asbestos abatement,asbestos-abatement,Any stage / specialty,Conditional / regulated,,asbestos removal,1,"These scopes carry licensing, testing and liability; they are listed so buyers can find them, but routed only to properly licensed providers.",Regulated protocols govern products and disposal here — claims follow the license holder's protocol.,,,,
BK-200105,Restoration & Regulated Work (Conditional),Restoration and regulated scopes,Lead paint abatement,lead-paint-abatement,Any stage / specialty,Conditional / regulated,,lead removal,1,"These scopes carry licensing, testing and liability; they are listed so buyers can find them, but routed only to properly licensed providers.",Regulated protocols govern products and disposal here — claims follow the license holder's protocol.,,,,
BK-200106,Restoration & Regulated Work (Conditional),Restoration and regulated scopes,Biohazard and sharps cleanup on jobsites,biohazard-and-sharps-cleanup-on-jobsites,Any stage / specialty,Conditional / regulated,,biohazard cleaning,1,"These scopes carry licensing, testing and liability; they are listed so buyers can find them, but routed only to properly licensed providers.",Regulated protocols govern products and disposal here — claims follow the license holder's protocol.,,,,
BK-200107,Restoration & Regulated Work (Conditional),Restoration and regulated scopes,Bird and pest dropping removal,bird-and-pest-dropping-removal,Any stage / specialty,Conditional / regulated,,guano removal,1,"These scopes carry licensing, testing and liability; they are listed so buyers can find them, but routed only to properly licensed providers.",Regulated protocols govern products and disposal here — claims follow the license holder's protocol.,,,,
BK-200108,Restoration & Regulated Work (Conditional),Restoration and regulated scopes,Hazardous material spill cleanup,hazardous-material-spill-cleanup,Any stage / specialty,Conditional / regulated,,hazmat cleanup,1,"These scopes carry licensing, testing and liability; they are listed so buyers can find them, but routed only to properly licensed providers.",Regulated protocols govern products and disposal here — claims follow the license holder's protocol.,,,,
BK-200109,Restoration & Regulated Work (Conditional),Restoration and regulated scopes,Disinfection service with registered products,disinfection-service-with-registered-products,Any stage / specialty,Conditional / regulated,,disinfecting; EPA-registered disinfection,2,"These scopes carry licensing, testing and liability; they are listed so buyers can find them, but routed only to properly licensed providers.",Regulated protocols govern products and disposal here — claims follow the license holder's protocol.,,,,
BK-200110,Restoration & Regulated Work (Conditional),Restoration and regulated scopes,Post-event facility restoration,post-event-facility-restoration,Any stage / specialty,Conditional / regulated,,post-storm cleanup; hurricane cleanup,2,"These scopes carry licensing, testing and liability; they are listed so buyers can find them, but routed only to properly licensed providers.",Regulated protocols govern products and disposal here — claims follow the license holder's protocol.,,,,
